,root,searchables,liv: cross-reference,additional searchables based off of LIV and wiktionary,wiktionary link
0,ā,ā,,h₂eh₂,
1,ab-,ab ap,,h₂ep-,
2,"ā̆bel-, ā̆bō̆l-, ab<sub>e</sub>l-",ā̆bel ā̆bō̆l abel,,"h₂abō̆l-, h₂abel-",https://en.wiktionary.org/wiki/Reconstruction:Proto-Indo-European/h%E2%82%82%C3%A9b%C5%8Dl
3,abʰ-,abʰ,,abʰ-,
4,abʰro-,abʰro,,"*h₃(e)pró(s), *h₃(e)pro(s)",
5,abō(n),abō abōn,,h₂eph₃ō(n),
6,1. ad-,ad,,,
7,2. ad-,ad,*h₂ed-,h₂ed-,
8,"ades-, ados-",ades ados,,,
9,"ad(u)-, ad-ro-",ad adu ad adro,,,
10,aǵ-,aǵ,1.*h₂eg̑-{0},*h₂eg̑-,
11,ā̆ǵ-,ā̆ǵ,,,
12,aǵʰ-,aǵʰ,,,
13,"ā̆ǵʰer-, ā̆ǵʰen-, ā̆ǵʰes-, or ō̆ǵʰer etc.",ā̆ǵʰer ā̆ǵʰen ā̆ǵʰes ō̆ǵʰer,,,
14,agʰ-,agʰ,*h₂egʰ-{1},*h₂egʰ-,
15,agʰ-(lo-),agʰ agʰlo,,,
16,agʰl(u)-,agʰl agʰlu,,,
17,agos-,agos,,,
18,"agro-, egro-?",agro egro egro?,,,
19,aǵro-s,aǵro aǵros,,,
20,"agʷ(e)sī, aksī",agʷsī agʷesī aksī,,,
21,agʷʰ-no-s,agʷʰ agʷʰno agʷʰnos,,,
22,1. ai,ai,,,
23,2. ai-,ai,,,
24,3. ai-,ai,1.*h₁ai̯-{1},h₁ai̯-,
25,"ai-ti-, ai-to-, oi-to-",ai aiti ai aito oi oito,,,
26,4. ā̆i-,ā̆i,?2.*h₁ai̯-{1},h₁ai̯-,
27,5. ai- : oi-,ai : oi,,,
|,aid-,aid,,,
29,"ai-dʰ-, i-dʰ-, nasalized i-n-dʰ-",ai aidʰ i idʰ i in indʰ,*h₂ei̯dʰ-{1},h₂ei̯dʰ-,
30,"ā̆ier-, ā̆ien-",ā̆ier ā̆ien,,,
31,aiǵ-,aiǵ,,,
32,"1. aig-, nasalized ing-",aig ing,,,
33,2. aig-,aig,,,
34,3. aig-,aig,*Hei̯g-{1},Hei̯g-,
35,aigʷʰ-,aigʷʰ,,,
36,ā(i)ǵʰ- : īǵʰ-,āǵʰ āiǵʰ : īǵʰ,*Hei̯g̑ʰ-{1},Hei̯g̑ʰ-,
37,ā̆iḱ- : ī̆ḱ-,ā̆iḱ : ī̆ḱ,*h₂ei̯k̑-{1},h₂ei̯k̑-,
38,aik-,aik,,,
39,ai̯os-,ai̯os,,,
40,ai-rā,ai airā,,,
41,1. ais-,ais,*h₂ei̯s-,h₂ei̯s-,
42,2. ais-,ais,*h₂ei̯sd-{1},h₂ei̯sd-,
43,aisk-,aisk,,,
44,ai-tro-,ai aitro,,,
45,"aiu̯-, ai̯u-",aiu̯ ai̯u,,,
46,"1. aḱ-, aḱō-",aḱ aḱō,*h₂ek̑h₃-{1},h₂ek̑h₃-,
47,"2. aḱ-, oḱ-",aḱ oḱ,*h₂ek̑-,h₂ek̑-,
48,akkā,akkā,,,
49,aḱru,aḱru,,,
50,akʷ-,akʷ,,,
51,"akʷā-, more accurately əkʷā, ēkʷ-",akʷā əkʷā ēkʷ,,,
52,"1. al-, ol-",al ol,,,
53,2. al-,al,"*h₂el-{1}, *h₂eldʰ-{1}","h₂el-, h₂eldʰ-",
54,3. ā̆l-,ā̆l,"*h₂elh₂-, *h₂leu̯-","h₂elh₂-, h₂leu̯-",
55,4. al-,al,,,
56,5. al-,al,*h₂leh₁-{1},h₂leh₁-,
57,"6. al-, alōu- : aləu-",al alōu : aləu,,,
58,alā,alā,,,
59,albʰi-,albʰi,,,
60,albʰo-,albʰo,,,
61,aldʰ-,aldʰ,,,
62,aleq-,aleq,"*h₂elk-{1}, *h₂leks-{1}","h₂elk-, h₂leks-",
63,algʰ-,algʰ,?*h₂elg/g̑ʰ-{1},h₂elg(')ʰ-,
64,algʷʰ-,algʷʰ,*h₂elgʷʰ-{1},h₂elgʷʰ-,
65,alp-,alp,,,
66,"ālu-, ālo-",ālu ālo,,,
67,"alu-, alu-d-, alu-t-",alu alu alud alu alut,,,
68,"ambʰi, m̥bʰi",ambʰi m̥bʰi,,,
69,"1. am-, mē-",am mē,*h₂emH-{1},h₂emH-,
70,"2. am-, mē-",am mē,,,
71,"āmer-, āmōr, āmr̥",āmer āmōr āmr̥,,,
72,"ames-, or omes-",ames or omes,,,
73,amə-,amə,,,
74,"am(m)a, amī̆",ama amma amī̆,,,
75,1. an-,an,,,
76,2. an-,an,,,
77,3. an(ə)-,an anə,*h₂enh₁-{1},h₂enh₁-,
78,"4. an-, anu, anō, nō",an anu anō nō,,,
79,"andʰ-, anedʰ-",andʰ anedʰ,"*h₁nedʰ-{1}, ?*h₂endʰ-{1}","h₁nedʰ-, h₂endʰ-",
80,"andʰer-, ṇdʰer-",andʰer ṇdʰer,?*h₂endʰ-{1},h₂endʰ-,
81,andʰo-,andʰo,,,
82,anət-,anət,,,
83,"anətā, <sub>e</sub>nətā",anətā enətā,,,
84,anǵʰ-,anǵʰ,*h₂emg̑ʰ-{1},h₂emg̑ʰ-,
85,anǵʰen-,anǵʰen,,,
86,angʷ(ʰ)i-,angʷi angʷʰi,,,
87,1. ank-,ank,?*h₂enk̑-{1},h₂enk̑-,
88,"2. ank-, ang-",ank ang,*h₂enk-,h₂enk-,
89,āno-,āno,,,
90,ans-,ans,,,
91,"ansā, ansi-",ansā ansi,,,
92,"ansu-, ṇsu-",ansu ṇsu,,,
93,ant-s,ant ants,,,
94,antro-m,antro antrom,,,
95,"1. ap-, more accurately əp- : ēp-",ap əp : ēp,"*h₁ep-{0}, *h₂ep-","h₁ep-, h₂ep-",
96,2. ā̆p-,ā̆p,,,
97,"3. ap-, āp-",ap āp,,,
98,appa,appa,,,
99,apelo-,apelo,,,
100,āpero-,āpero,,,
101,"apo-, pō̆, ap-u, pu",apo pō̆ ap apu pu,,,
102,apsā,apsā,,,
103,"1. ar-, tʰematic (a)re-, ʰeavy-base arə-, rē-, and i-base (a)rī̆-, rēi-",ar tʰematic re are ʰeavy ʰeavybase arə rē i ibase rī̆ arī̆ rēi,1.*h₂er-{0},h₂er-,
104,"2. ar-, or er-",ar or er,2.*h₂er-,h₂er-,
105,3. ar-,ar,,,
106,"4. ar, er, or?, r̥",ar er or? r̥,*h₂erh₃-{1},h₂erh₃-,
107,5. ar-,ar,*h₂res-{1},h₂res-,
108,ar(ə)-,ar arə,,,
109,ardʰ-,ardʰ,,,
110,"ardi-, r̥di-",ardi r̥di,,,
111,areg-,areg,,,
112,"ar(e)-ǵ-, arǵ-?, r̥ǵi-",ar arǵ are areǵ arǵ arǵ? r̥ǵi,,,
113,areq-,areq,*h₂erk/k̑-,h₂erk(')-,
114,arenko-,arenko,,,
115,ario-?,ario ario?,,,
116,arqu-,arqu,,,
117,"arōd-, arəd-",arōd arəd,,,
118,aro-m,aro arom,,,
119,aru̯ā,aru̯ā,,,
120,"ā̆s-, based on it azd-, azg(ʰ)-",ā̆s on it azd azg azgʰ,*h₂eh₁s-{1},h₂eh₁s-,
121,ast(ʰ)-,ast astʰ,,,
122,at-,at,1.*h₂et-{1},h₂et-,
123,āt(e)r-,ātr āter,,,
124,"*ati-, ateli-",*ati ateli,,,
125,"ati, ato-",ati ato,,,
126,"ā̆tos, atta",ā̆tos atta,,,
127,1. au-,au,,,
128,"2. au-, au̯-es-, au-s-",au au̯ au̯es au aus,2.*h₂u̯es-,h₂u̯es-,
129,"3. au-, au̯e, u̯ē̆-",au au̯e u̯ē̆,?*h₃u̯ei̯g-{1},h₃u̯ei̯g-,
130,"4. au-, u- : u̯ē̆-, u̯o-",au u : u̯ē̆ u̯o,,,
131,"5. au̯-, au̯ē-",au̯ au̯ē,?*Heu̯-{1},Heu̯-,
132,"6. au̯-, au̯ed-",au̯ au̯ed,"*u̯ed-{1}, *h₂u̯edH-{1}, ?*u̯end-{1}, ?*h₂u̯ei̯d-{1}","u̯ed-, h₂u̯edH-, *u̯end-, *h₂u̯ei̯d-",
133,"7. au̯-, au̯ē-, au̯ēi-",au̯ au̯ē au̯ēi,"*h₁eu̯H-{1}, *h₂eu̯-{1}",,
134,"8. au̯-, au̯ēi-",au̯ au̯ēi,"*h₁eu̯-{1}, ?*h₂u̯ei̯s-{1}",,
135,"9. au̯(e)-, au̯ed-, au̯er-",au̯ au̯e au̯ed au̯er,"?*h₂u̯erh₁-{1}, *h₂u̯ers-{1}",,
136,"10. au̯(e)-, au̯ē(i)-, u̯ē-",au̯ au̯e au̯ē au̯ēi u̯ē,*h₂u̯eh₁-,,
137,"11. au̯ē-, (u̯e-d(ʰ)-?)",au̯ē ?) u̯e u̯ed(ʰ u̯ed(ʰ?),,,
138,"au̯eg-, u̯ōg-, aug-, ug-",au̯eg u̯ōg aug ug,"*h₂eu̯g-, *h₂u̯eks-{1}",,
139,"au̯ei-, əu̯ei-?",au̯ei əu̯ei əu̯ei?,,,
140,au̯es-,au̯es,1.*h₂u̯es-{1},,
141,aug-,aug,,,
142,"augʰ-, ugʰ-",augʰ ugʰ,,,
143,au̯iǵ-,au̯iǵ,,,
144,"auqʷ(ʰ)- : uqʷ(ʰ)-, probably also u̯eqʷ(ʰ)-",auqʷ auqʷʰ : uqʷ uqʷʰ u̯eqʷ u̯eqʷʰ,,,
145,au-lo-s : ēu-l-,au aulo aulos : ēu ēul,,,
146,au̯o-s,au̯o au̯os,,,
147,aus-,aus,*h₂eu̯s-,,
148,"baˣb-, bʰaˣbʰ-, paˣp-",baˣb bʰaˣbʰ paˣp,,,
149,baba-,baba,,,
150,badi̯os,badi̯os,,,
151,"baitā, or paitā?",baitā or paitā?,,,
152,bak-,bak,,,
153,"bal-, balbal-",bal balbal,,,
154,bal-bal-,bal balbal,,,
155,baˣmb-,baˣmb,,,
156,"baˣmb-, bʰaˣmbʰ-, paˣmp-, pʰaˣmpʰ-",baˣmb bʰaˣmbʰ paˣmp pʰaˣmpʰ,,,
157,band-,band,,,
158,bar-bar-,bar barbar,,,
159,bata-,bata,,,
160,bau,bau,,,
161,bdel-,bdel,,,
162,"bē, bā",bē bā,,,
163,bed-,bed,,,
164,1. bel-,bel,,,
165,2. bel-,bel,,,
166,"bend-, bṇd-no-",bend bṇd bṇdno,,,
167,"1. b(e)u-, bʰ(e)u-",bu beu bʰu bʰeu,,,
168,"2. b(e)u-, bʰ(e)ū̆-",bu beu bʰū̆ bʰeū̆,,,
169,bis-(t)li-,bis bisli bis bistli,,,
170,blat-,blat,,,
171,blē-,blē,,,
172,"blou-, bʰlou-?, plou-",blou bʰlou bʰlou? plou,,,
173,bol-,bol,,,
174,"brangʰ-, brongʰ-?",brangʰ brongʰ brongʰ?,,,
175,breuq-,breuq,,,
176,bronk-,bronk,,,
177,bu-,bu,,,
178,"1. bʰā-, bʰō-, bʰə-",bʰā bʰō bʰə,1.*bʰeh₂-{1},,
179,2. bʰā-,bʰā,2.*bʰeh₂-{1},,
180,bʰabʰā,bʰabʰā,,,
181,bʰā̆d-,bʰā̆d,,,
182,1. bʰag-,bʰag,*bʰag-{1},,
183,2. bʰag-,bʰag,,,
184,bʰāgó-s,bʰāgó bʰāgós,,,
185,bʰā̆gʰ-,bʰā̆gʰ,,,
186,bʰāǵʰú-s,bʰāǵʰú bʰāǵʰús,,,
187,bʰar- : bʰor- : bʰr̥-,bʰar : bʰor : bʰr̥,,,
188,bʰaru-,bʰaru,,,
189,"bʰares-, bʰores-",bʰares bʰores,,,
190,bʰardʰā,bʰardʰā,,,
191,"bʰarekʷ-, or bʰ<sub>e</sub>rekʷ-",bʰarekʷ or bʰerekʷ,*bʰrekʷ-,,
192,bʰares-,bʰares,,,
193,bʰasko-,bʰasko,,,
194,"bʰāso-, or bʰēso-",bʰāso or bʰēso,,,
195,bʰāt- : bʰət-,bʰāt : bʰət,,,
196,1. bʰā̆u- : bʰū̆-,bʰā̆u : bʰū̆,?*bʰeu̯d-{1},,
197,2. bʰāu-,bʰāu,,,
198,"1. b(ʰ)e, and b(ʰ)eǵʰ",be bʰe beǵʰ bʰeǵʰ,,,
199,"2. bʰē̆, bʰō̆",bʰē̆ bʰō̆,,,
200,"bʰē-, bʰō-",bʰē bʰō,"?*bʰeh₁-{1}, *bʰeh₃g-",,
201,"bʰebʰru-, bʰebʰro-",bʰebʰru bʰebʰro,,,
202,1. bʰedʰ-,bʰedʰ,*bʰedʰh₂-{1},,
203,2. bʰedʰ-,bʰedʰ,*bʰeh₁dʰ-{1},,
204,"bʰeg-, bʰeng-",bʰeg bʰeng,*bʰeg-{1},,
205,bʰēgʰ- : bʰōgʰ-,bʰēgʰ : bʰōgʰ,*bʰeh₁g̑ʰ-{1},,
206,bʰegʷ-,bʰegʷ,*bʰegʷ-,,
207,bʰei-,bʰei,,,
208,bʰeid-,bʰeid,*bʰei̯d-,,
209,1. bʰeidʰ-,bʰeidʰ,*bʰei̯dʰ-,,
210,2. bʰeidʰ-,bʰeidʰ,,,
211,"bʰei(ə)-, bʰī-",bʰei bʰeiə bʰī,*bʰei̯H-{0},,
212,bʰeigʷ-,bʰeigʷ,,,
213,"1. bʰel-, Balto-Slavic also bʰelə-",bʰel bʰelə,,,
214,2. bʰel-,bʰel,,,
215,"3. bʰel-, bʰlē-",bʰel bʰlē,*bʰleh₁-,,
216,"4. bʰel-, and bʰlē-, bʰlō-, bʰlə-",bʰel bʰlē bʰlō bʰlə,*bʰleh₃-{1},,
217,"5. bʰel-,  cʰiefly witʰ suffixes: bʰ<sub>e</sub>ləǵ-, bʰ<sub>e</sub>lə-n-ǵ-, bʰeleǵ-, bʰl̥ḱ-",bʰel cʰiefly witʰ : bʰeləǵ bʰelə bʰelən bʰelənǵ bʰeleǵ bʰl̥ḱ,?*bʰelk-{1},,
218,6. bʰel-,bʰel,?*bʰelH-{1},,
219,bʰ(e)lāg-,bʰlāg bʰelāg,,,
220,bʰeld-,bʰeld,?*bʰeld-{1},,
221,bʰeleg-,bʰeleg,*bʰleg/g̑-,,
222,bʰeleu-,bʰeleu,?2.*bʰleu̯H-{1},,
223,bʰelǵʰ-,bʰelǵʰ,*bʰelg̑ʰ-{1},,
224,bʰen-,bʰen,?*bʰen-{1},,
225,bʰend-,bʰend,?*bʰend-{1},,
226,bʰendʰ-,bʰendʰ,*bʰendʰ-{1},,
227,"bʰenǵʰ-, bʰn̥ǵʰ-, adj. bʰn̥ǵʰú-s",bʰenǵʰ bʰn̥ǵʰ bʰn̥ǵʰú bʰn̥ǵʰús,*bʰeng̑ʰ-,,
228,1. bʰer-,bʰer,*bʰer-,,
229,2. bʰer-,bʰer,*bʰerh₂-{1},,
230,3. bʰer-,bʰer,*bʰerH-{1},,
231,4. bʰer-,bʰer,,,
232,5. bʰer-,bʰer,,,
233,6. bʰer-,bʰer,*bʰerg̑-{1},,
234,7. bʰer-,bʰer,,,
235,"bʰeredʰ-, bʰṛdʰo-",bʰeredʰ bʰṛdʰo,?*bʰerdʰ-{1},,
236,bʰereg-,bʰereg,,,
237,"bʰerəǵ-, bʰrēǵ-",bʰerəǵ bʰrēǵ,*bʰreh₁g̑-{1},,
238,"bʰereǵʰ-, bʰerǵʰos-",bʰereǵʰ bʰerǵʰos,*bʰerg̑ʰ-{1},,
239,"bʰerəḱ-, bʰrēḱ-",bʰerəḱ bʰrēḱ,,,
240,1. bʰerem-,bʰerem,,,
241,2. bʰerem-,bʰerem,"*bʰrem-{1}, ?*gʷrem-{1}",,
242,bʰeres-,bʰeres,,,
243,bʰ(e)reu- : bʰ(e)rū̆-,bʰreu bʰereu : bʰrū̆ bʰerū̆,*bʰeru̯-{1},,
244,bʰerǵʰ-,bʰerǵʰ,?*bʰergʰ-{1},,
245,"bʰ<sub>e</sub>rug-, bʰrug-, bʰorg-",bʰerug bʰrug bʰorg,,,
246,1. bʰes-,bʰes,"?*bʰes-{1}, ?*bʰseH-{1}",,
247,2. bʰes-,bʰes,,,
248,"bʰeu-, bʰeu̯ə-, bʰu̯ā-, bʰu̯ē- : bʰō̆u- : bʰū-",bʰeu bʰeu̯ə bʰu̯ā bʰu̯ē : bʰō̆u : bʰū,*bʰu̯eh₂-{1},,
249,"bʰeudʰ-, nasalized bʰu-n-dʰ-",bʰeudʰ bʰu bʰun bʰundʰ,*bʰeu̯dʰ-,,
250,1. bʰeug-,bʰeug,,,
251,"2. bʰeug-, bʰeugʰ-",bʰeug bʰeugʰ,2.*bʰeu̯g-{1},,
252,"3. bʰeug-, bʰeugʰ-",bʰeug bʰeugʰ,*bʰeu̯gʰ-{1},,
253,4. bʰeug-,bʰeug,,,
254,bʰidʰ-,bʰidʰ,,,
255,"bʰili-, bʰilo-",bʰili bʰilo,,,
256,bʰlaǵ-,bʰlaǵ,?*bʰleh₂g-{1},,
257,bʰlagʰ-men-,bʰlagʰ bʰlagʰmen,,,
258,bʰlē-,bʰlē,*bʰleh₁-,,
259,"bʰlē̆d-, bʰl̥d-",bʰlē̆d bʰl̥d,?*bʰled-{1},,
260,bʰlegʷ-,bʰlegʷ,,,
261,1. bʰlē̆i- : bʰləi- : bʰlī-,bʰlē̆i : bʰləi : bʰlī,,,
262,2. bʰlei-,bʰlei,?*bʰlei̯d-{1},,
263,"bʰlē̆iǵ-, bʰlīǵ-",bʰlē̆iǵ bʰlīǵ,?*bʰlei̯g-{1},,
264,bʰleiq-,bʰleiq,?*bʰlei̯g-{1},,
265,bʰlendʰ-,bʰlendʰ,?*bʰlendʰ-{1},,
266,bʰles-,bʰles,,,
267,bʰleu-,bʰleu,"1.*bʰleu̯H-{1}, ?*bʰleu̯dh₂-{1}",,
268,1. bʰlēu- : bʰləu- : bʰlū-,bʰlēu : bʰləu : bʰlū,,,
269,2. bʰlēu- : bʰləu- : bʰlū-,bʰlēu : bʰləu : bʰlū,,,
270,bʰleu-(k-),bʰleu bʰleu bʰleu bʰleuk bʰleuk,?*bʰleu̯k-{1},,
271,bʰlē-u̯o-s,bʰlē bʰlēu̯o bʰlēu̯os,,,
272,bʰleus-,bʰleus,,,
273,bʰləido-s,bʰləido bʰləidos,,,
274,bʰlīǵ- : *bʰlēig-,bʰlīǵ : *bʰlēig,*bʰlei̯g̑-,,
275,bʰlō̆k-,bʰlō̆k,,,
276,bʰlos-q-,bʰlos bʰlosq,,,
277,bʰog-,bʰog,,,
278,"bʰō̆gʰ-, or bʰā̆gʰ-",bʰō̆gʰ or bʰā̆gʰ,,,
279,"bʰōi- : bʰəi- : bʰī-, bʰii̯ə-",bʰōi : bʰəi : bʰī bʰii̯ə,*bʰei̯h₂-{0},,
280,bʰok-,bʰok,,,
281,bʰolo-,bʰolo,,,
282,bʰorgʷo-s,bʰorgʷo bʰorgʷos,,,
283,bʰoso-s,bʰoso bʰosos,,,
284,bʰoudʰi-,bʰoudʰi,,,
285,bʰoukʷos,bʰoukʷos,,,
286,"bʰrag-, better bʰrə-g-",bʰrag bʰrə bʰrəg,,,
287,bʰrā́ter-,bʰrā́ter,,,
288,bʰred(ʰ?)-,bʰred bʰredʰ?,?*bʰredʰ-{1},,
289,1. bʰreǵ-,bʰreǵ,*bʰreg/g̑-{1},,
290,2. bʰreǵ-,bʰreǵ,?*bʰrei̯Hk-{1},,
291,"bʰrēi-, bʰrī̆-",bʰrēi bʰrī̆,*bʰrei̯H-,,
292,bʰren-,bʰren,?*bʰrenk-{1},,
293,bʰrendʰ-,bʰrendʰ,?*bʰrend-{1},,
294,"bʰrenk-, bʰronk-",bʰrenk bʰronk,,,
295,bʰre(n)ḱ-,bʰreḱ bʰrenḱ,"?*bʰRek̑-{1}, ?*bʰRenk̑-{1}",,
296,bʰren-to-s,bʰren bʰrento bʰrentos,,,
297,bʰres-,bʰres,,,
298,"bʰreu-, bʰreu-d-",bʰreu bʰreu bʰreud,,,
299,"1. bʰrē̆u-, bʰrū̆-",bʰrē̆u bʰrū̆,2.*bʰreu̯H-{1},,
300,"2. bʰrēu-, bʰrū-",bʰrēu bʰrū,,,
301,bʰreu-ḱ-,bʰreu bʰreuḱ,"?*bʰreu̯k-{1}, ?*bʰreu̯k̑-{1}",,
302,1. bʰreu-s-,bʰreu bʰreus,,,
303,2. bʰreu-s-,bʰreu bʰreus,*bʰreu̯s-{1},,
304,"3. bʰreus-, bʰrū̆s-",bʰreus bʰrū̆s,,,
305,"bʰroisqo-, bʰrisqo-",bʰroisqo bʰrisqo,,,
306,1. bʰrū-,bʰrū,,,
307,"2. bʰrū-, bʰrēu-",bʰrū bʰrēu,,,
308,bʰrūg-,bʰrūg,?*bʰreu̯Hg/g̑-{1},,
309,bʰrugʰ-no-,bʰrugʰ bʰrugʰno,,,
310,bʰudʰ-m(e)n,bʰudʰ bʰudʰmn bʰudʰ bʰudʰmen,,,
311,"bʰū̆ǵo-s, familiar form bʰukko-s",bʰū̆ǵo bʰū̆ǵos familiar bʰukko bʰukkos,,,
312,dā-,dā,?*deH-{1},,
313,"dā : də-, and dāi- : dəi-, dī̆-",dā : də dāi : dəi dī̆,"*deh₂(i̯)-{0}, *deh₂p-{1}",,
314,"dāiu̯ēr, genitive daiu̯rés",dāiu̯ēr daiu̯rés,,,
315,daḱru-,daḱru,,,
316,"dāu-, dəu-, dū̆-",dāu dəu dū̆,*deh₂u̯-{1},,
317,*dəǵʰ-mó-,*dəǵʰ *dəǵʰmó,,,
318,"de-, do-",de do,,,
319,"dē- : də-, and dēi-, dī-",dē : də dēi dī,1.*deh₁-,,
320,dēg-,dēg,,,
321,"1. dei-, dei̯ə-, dī-, di̯ā-",dei dei̯ə dī di̯ā,"*dei̯h₂-{1}, ?*di̯eu̯t-{1}",,
322,"2. dei̯ə-, di̯ā-, di̯ə-, dī-",dei̯ə di̯ā di̯ə dī,*dei̯h₁-{1},,
323,deiǵʰ-,deiǵʰ,,,
324,deiḱ-,deiḱ,1.*dei̯k̑-,,
325,1. deḱ-,deḱ,"*dek̑-, *dek̑s-{1}, ?*dek(ʷ)s-{1}",,
326,"2. deḱ- : doḱ-, dēḱ-",deḱ : doḱ dēḱ,,,
327,"deḱm̥, deḱm̥-t, deḱu-",deḱm̥ deḱm̥ deḱm̥t deḱu,,,
328,1. del-,del,,,
329,2. del-,del,,,
330,"3. del-, dol-, delə-",del dol delə,"*delh₁-{1}, *delgʰ-{1}",,
331,4. del-,del,,,
332,5. del-,del,*delg̑ʰ-{1},,
333,"dem-, demə-",dem demə,1.*demh₂-{1},,
334,"demə-, domə-, d<sub>o</sub>mə-",demə domə domə,2.*demh₂-,,
335,demel-,demel,,,
336,denḱ-,denḱ,*denk̑-{1},,
337,1. dens-,dens,*dens-,,
338,2. dens-,dens,,,
339,depʰ-,depʰ,,,
340,"1. der- : dōr-, d<sub>e</sub>r-, or dōr- : dər-",der : dōr der or dōr : dər,,,
341,"2. der-, reduplicated der-der-, dr̥d<sub>o</sub>r-, broken reduplication dor-d-, dr̥-d-",der der derder dr̥dor dor dord dr̥ dr̥d,,,
342,"3. der-, drā-, dreb-, drem-, dreu-",der drā dreb drem dreu,"1.*drem-{1}, 1.*dreh₂-{1}, *dreu̯-{1}",,
343,"4. der-, ʰeavy-base derə-, drē-",der ʰeavy ʰeavybase derə drē,"*der-{1}, ?*dreu̯H-{1}, ?*derHgʰ-{1}, *drep-",,
344,derbʰ-,derbʰ,?*derbʰ-{1},,
345,der(ep)-,der derep,,,
346,"derə-, drā-",derə drā,?2.*dreh₂-{1},,
347,dergʰ-,dergʰ,*dregʰ-{1},,
348,derḱ-,derḱ,*derk̑-,,
349,"deru-, dō̆ru-, dr(e)u-, drou-, dreu̯ə- : drū-",deru dō̆ru dru dreu drou dreu̯ə : drū,,,
350,"des-, dēs-",des dēs,"*des-{1}, ?2.*deh₁-{1}",,
351,1. deu-,deu,*du̯eH-{1},,
352,"2. deu-, or dou- : du-",deu or dou : du,*deu̯h₂-{1},,
353,"3. deu-, deu̯ə-, du̯ā-, dū-",deu deu̯ə du̯ā dū,?*deu̯s-{1},,
354,deuk-,deuk,*deu̯k-{0},,
355,deup- : kteup-?,deup : kteup kteup?,,,
356,dəǵʰ-mó-s,dəǵʰ dəǵʰmó dəǵʰmós,,,
357,digʰ-,digʰ,,,
358,"dī̆p-ro-, dī̆p-<sub>e</sub>rā",dī̆p dī̆pro dī̆p dī̆perā,,,
359,dl̥kú-,dl̥kú,,,
360,"dn̥ǵʰū, dn̥ǵʰu̯ā",dn̥ǵʰū dn̥ǵʰu̯ā,,,
361,"dō- : də-, also dō-u- : dəu- : du-",dō : də dō dōu : dəu : du,*deh₃-,deh₃-,
362,dous-,dous,,,
363,"drē- : drə-, extended dr-ē̆m-",drē : drə dr drē̆m,"2.*drem-{1}, ?*dreh₁-{1}, ?*derdʰ-{1}",,
364,dreǵʰ-,dreǵʰ,?*dreg̑ʰ-,,
365,"dumb-, dumbʰ-?",dumb dumbʰ dumbʰ?,,,
366,dus-,dus,,,
367,du̯ei-,du̯ei,"*du̯ei̯-{1}, ?*du̯ei̯s-",,
368,du̯ō(u),du̯ō du̯ōu,,,
369,"1. dʰā̆bʰ-, nasalized dʰamb(ʰ)-",dʰā̆bʰ dʰamb dʰambʰ,?1.*dʰembʰ-{1},,
370,2. dʰabʰ-,dʰabʰ,*dʰeHbʰ-{1},,
371,dʰā̆l-,dʰā̆l,*dʰalh₁-{1},,
372,"dʰanu-, or dʰonu-",dʰanu or dʰonu,,,
373,dʰau-,dʰau,,,
374,"1. dʰē-, reduplicated dʰē-dʰ(ē)-",dʰē dʰē dʰēdʰ dʰē dʰēdʰē,,,
375,2. dʰē-,dʰē,"*dʰeh₁-{0}, ?*dʰeh₁k-{1}",,
376,"3. dʰē-, dʰə-",dʰē dʰə,,,
377,dʰeb-,dʰeb,,,
378,"dʰebʰ-, dʰebʰ-eu-",dʰebʰ dʰebʰ dʰebʰeu,"*dʰebʰ-{1}, ?3.*dʰembʰ-{1}",,
379,dʰegʷʰ-,dʰegʷʰ,*dʰegʷʰ-,,
380,"dʰē(i)-, also dʰ-ei-?",dʰē dʰēi dʰ dʰei dʰei?,*dʰeh₁(i̯)-,,
381,dʰei̯ə- : dʰi̯ā- : dʰī-,dʰei̯ə : dʰi̯ā : dʰī,*dʰei̯H-{1},,
382,dʰēigʷ- : dʰōigʷ- : dʰīgʷ-,dʰēigʷ : dʰōigʷ : dʰīgʷ,*dʰei̯Hgʷ-{1},,
383,dʰeiǵʰ-,dʰeiǵʰ,*dʰei̯g̑ʰ-,,
384,"1. dʰel-, dʰolo-",dʰel dʰolo,,,
385,2. dʰel-,dʰel,,,
386,3. dʰel-,dʰel,,,
387,dʰelbʰ-,dʰelbʰ,*dʰelbʰ-,,
388,dʰelg-,dʰelg,,,
389,"dʰelgʰ-, dʰelg-",dʰelgʰ dʰelg,,,
390,"dʰem-, dʰemə-",dʰem dʰemə,*dʰmeH-{1},,
391,"dʰembʰ-, dʰm̥bʰ-",dʰembʰ dʰm̥bʰ,2.*dʰembʰ-{1},,
392,1. dʰen-,dʰen,*dʰenh₂-,,
393,2. dʰen-,dʰen,,,
394,3. dʰen-,dʰen,,,
395,1. dʰengʰ-,dʰengʰ,,,
396,2. dʰengʰ-,dʰengʰ,*dʰegʷʰh₂-{1},,
397,"1. dʰer-, dʰerə-",dʰer dʰerə,*dʰreh₂gʰ-,,
398,"2. dʰer-, dʰerə-",dʰer dʰerə,"*dʰer-, *delg̑ʰ-{1}, *dregʰ-{1}, ?2.*dʰreu̯gʰ-",,
399,"3. dʰer-, dʰereu-, dʰrē̆n-",dʰer dʰereu dʰrē̆n,1.*dʰreu̯-,,
400,4. dʰer- : dʰor- : dʰ<sub>e</sub>r-,dʰer : dʰor : dʰer,*dʰerh₃-,,
401,"5. dʰer-, dʰrei-d-",dʰer dʰrei dʰreid,?*dʰrei̯d-{1},,
402,dʰerāgʰ-,dʰerāgʰ,*dʰregʰ/g̑ʰ-{0},dʰreg(')ʰ-,
403,"dʰerbʰ-, dʰerəbʰ-?",dʰerbʰ dʰerəbʰ dʰerəbʰ?,"?*derbʰ-{1}, *(s)dʰerbʰ-{1}",,
404,dʰerebʰ-,dʰerebʰ,*dʰrebʰ-,dʰrebʰ-,
405,dʰeregʰ-,dʰeregʰ,,,
406,"dʰereǵʰ-, dʰr̥ǵʰ-nā-",dʰereǵʰ dʰr̥ǵʰ dʰr̥ǵʰnā,"*dʰerg̑ʰ-, *TerKh₂-{1}","dʰerg̑ʰ-, TerKh₂-",
407,dʰers-,dʰers,*dʰers-,dʰers-,
408,"dʰēs-, dʰəs-",dʰēs dʰəs,,,
409,1. dʰeu-,dʰeu,*dʰeu̯-,dʰeu̯-,
410,"2. dʰeu-, dʰu̯-ēi-",dʰeu dʰu̯ dʰu̯ēi,,,
411,3. dʰeu-,dʰeu,,,
412,"4. dʰeu-, dʰeu̯ə-, presumably dʰu̯ē-, compare suffixes dʰu̯ē-k-, dʰu̯ē̆-s-",dʰeu dʰeu̯ə dʰu̯ē dʰu̯ē dʰu̯ēk dʰu̯ē̆ dʰu̯ē̆s,"*dʰeu̯H-, *dʰeu̯-, *dʰu̯eh₂-{1}, ?*dʰeu̯dʰ-{1}, *dʰu̯enH-{1}","dʰeu̯H-, dʰeu̯-, dʰu̯eh₂-, dʰeu̯dʰ-, dʰu̯enH-",
413,"dʰeu-b-, dʰeu-p-",dʰeu dʰeub dʰeu dʰeup,,,
414,"dʰeubʰ-, dʰubʰ-",dʰeubʰ dʰubʰ,,,
415,"dʰeu̯es-, dʰu̯ē̆s-, dʰeus-, dʰū̆s-",dʰeu̯es dʰu̯ē̆s dʰeus dʰū̆s,"*dʰu̯es-{1}, *dʰu̯ens-{1}","dʰu̯es-, dʰu̯ens-",
416,dʰeugʰ-,dʰeugʰ,*dʰeu̯gʰ-,dʰeu̯gʰ-,
417,"dʰlas-, or dʰels- : dʰl̥s-",dʰlas or dʰels : dʰl̥s,,,
418,dʰl̥gʰ-,dʰl̥gʰ,,,
419,dʰō-,dʰō,,,
420,dʰō[u]- : dʰū-,dʰō[u] : dʰū,,,
421,dʰrebʰ-,dʰrebʰ,?*dʰreb-{1},dʰreb-,
422,dʰreǵ-,dʰreǵ,,,
423,1. dʰregʰ-,dʰregʰ,"*dʰreh₂gʰ-, *dʰregʰ/g̑ʰ-{0}","dʰreh₂gʰ-, dʰreg(')ʰ-",
424,2. dʰregʰ-,dʰregʰ,,,
425,dʰreibʰ-,dʰreibʰ,?*dʰrei̯bʰ-{1},dʰrei̯bʰ-,
426,dʰreu-,dʰreu,"?*dʰreu̯s-, ?*dʰreu̯b-{1}, *dʰreu̯bʰ-{1}","dʰreu̯s-, dʰreu̯b-, dʰreu̯bʰ-",
427,1. dʰreugʰ-,dʰreugʰ,,,
428,2. dʰreugʰ-,dʰreugʰ,1.*dʰreu̯gʰ-{1},dʰreu̯gʰ-,
429,"dʰrigʰ-, or dʰreikʰ-",dʰrigʰ or dʰreikʰ,,,
430,dʰrono-,dʰrono,,,
431,dʰug(ʰ)əter-,dʰugəter dʰugʰəter,,,
432,"dʰu̯en-, dʰun-",dʰu̯en dʰun,*dʰu̯en-,dʰu̯en-,
433,"dʰu̯er-, dʰu̯erə-",dʰu̯er dʰu̯erə,"?*dʰu̯er-{1}, 2.*dʰreu̯-{1}","dʰu̯er-, dʰreu̯-",
434,"dʰu̯ē̆r-, dʰu̯ō̆r-, dʰur-, dʰu̯r̥-",dʰu̯ē̆r dʰu̯ō̆r dʰur dʰu̯r̥,,,
435,dʰu̯ergʰ- : drugʰ-,dʰu̯ergʰ : drugʰ,,,
436,"1. ē̆, ō̆",ē̆ ō̆,,,
437,"2. ē, ō",ē ō,,,
438,"3. e-, ei-, i-, fem. ī-",e ei i ī,,,
439,ebʰi? : obʰi : bʰi,ebʰi? : obʰi : bʰi,,,
440,ed-,ed,*h₁ed-,h₁ed-,
441,1. edʰ-,edʰ,,,
442,2. edʰ-,edʰ,,,
443,eg-,eg,?*h₁eg/g̑H-{1},h₁eg(')H-,
444,"ēǵ-, ōǵ-, əǵ-",ēǵ ōǵ əǵ,2.*h₂eg̑-{1},h₂eg̑-,
445,"eǵ-, eǵ(ʰ)om, eǵō",eǵ eǵom eǵʰom eǵō,,,
446,eǵʰero-,eǵʰero,,,
447,eǵʰi-,eǵʰi,,,
448,"eǵʰs, eǵʰz",eǵʰs eǵʰz,,,
449,egnis : ognis,egnis : ognis,,,
450,"eʰem, eʰeu, eʰo",eʰem eʰeu eʰo,,,
451,1. ei-,ei,"*h₁ei̯-, ?*h₃ei̯t-{1}, ?*h₃ei̯gʰ-{1}, 1.*i̯eh₂-{0}","h₁ei̯-, h₃ei̯t-, h₃ei̯gʰ-, i̯eh₂-",
452,2. ē̆i,ē̆i,,,
453,3. ei-,ei,,,
454,4. ei- : oi-,ei : oi,,,
455,"eibʰ- : oibʰ-, i̯ebʰ-",eibʰ : oibʰ i̯ebʰ,*i̯ebʰ-{0},i̯ebʰ-,
456,"eig-, oig-",eig oig,,,
457,ēik-,ēik,*Hei̯k̑-{1},Hei̯k̑-,
458,1. eis-,eis,*h₁ei̯sh₂-{1},h₁ei̯sh₂-,
459,"2. ei-s-, ei-n-",ei eis ei ein,,,
460,eḱu̯o-s,eḱu̯o eḱu̯os,,,
461,"1. el-, ol-, <sub>e</sub>l-",el ol el,,,
462,2. el-,el,,,
463,3. el- : ol-,el : ol,,,
464,"4. el-, ol-",el ol,,,
465,"5. el-, ol-",el ol,,,
466,"6. el-, elə- : lā-, el-eu-(dʰ-)",el elə : lā el eleu eleu el eleu eleudʰ eleudʰ,"?*h₁elh₂-{1}, *h₁leu̯dʰ-{1}","h₁elh₂-, h₁leu̯dʰ-",
467,"7. el-, elə-, witʰ k-suffix elk-, elək-",el elə witʰ k ksuffix elk elək,?*h₁elk-{1},h₁elk-,
468,"8. el-, elē̆i-, lē̆i-, olī̆nā",el elē̆i lē̆i olī̆nā,,,
469,ēl-,ēl,,,
470,ēlā,ēlā,,,
471,elg-,elg,,,
472,"elk-, elək-",elk elək,,,
473,elkos-,elkos,,,
474,em-,em,*h₁em-,h₁em-,
475,"embʰi-, empi-",embʰi empi,,,
476,1. en,en,,,
477,2. en-,en,,,
478,ēn,ēn,,,
479,"1. enebʰ-, embʰ-, ombʰ-, nō̆bʰ-, nēbʰ-?, m̥bʰ-",enebʰ embʰ ombʰ nō̆bʰ nēbʰ nēbʰ? m̥bʰ,,,
480,"2. enebʰ- : nebʰ-, embʰ-, m̥bʰ-",enebʰ : nebʰ embʰ m̥bʰ,1.*nebʰ-{1},nebʰ-,
481,"eneḱ-, neḱ-, enḱ-, n̥ḱ-",eneḱ neḱ enḱ n̥ḱ,"*h₂nek̑-{1}, *h₁nek̑-","h₁nek̑-, h₂nek̑-",
482,"ē̆neu, ē̆nu",ē̆neu ē̆nu,,,
483,"e-neu̯en, neu̯n̥, enu̯n̥",e eneu̯en neu̯n̥ enu̯n̥,,,
484,"engʷ-, n̥gʷḗn",engʷ n̥gʷḗn,,,
485,"eno-, possibly e-no- : ono- : no- : -ne-",eno e eno : ono : no : ne,,,
486,"en(o)mn̥-, (o)nomn̥, nōmn̥",enmn̥ enomn̥ nomn̥ onomn̥ nōmn̥,,,
487,"enos-, or onos-",enos or onos,,,
488,"enq-, onq-",enq onq,,,
489,"ent-, better ant-?",ent ant ant?,?*h₂ent-{1},h₂ent-,
490,epero-,epero,,,
491,"epi, opi, pi",epi opi pi,,,
492,ēpi-,ēpi,,,
493,"epop, opop",epop opop,,,
494,epʰ-,epʰ,,,
495,"1. er-, or-",er or,,,
496,"2. er-, eri-",er eri,,,
497,3. er- : or- : r-,er : or : r,"*h₁er-{1}, *h₃er-{1}, *h₁erg̑ʰ-{1}, *Herd-, *h₃rei̯H-{1}","h₁er-, h₃er-, h₁erg̑ʰ-, Herd-, h₃rei̯H-",
498,"4. er-, er-t-, er-u̯-",er er ert er eru̯,,,
499,"5. er-, erə-, tʰematic (e)r-ĕ-",er erə tʰematic r rĕ er erĕ,*h₂erH-{1},h₂erH-,
500,"ereb-, orob-, rōb-",ereb orob rōb,,,
501,"ē̆reb(ʰ)-, ō̆rob(ʰ)-",ē̆reb ē̆rebʰ ō̆rob ō̆robʰ,,,
502,ered-,ered,,,
503,"eregʷ(ʰ)o-, erogʷ(ʰ)o-",eregʷo eregʷʰo erogʷo erogʷʰo,,,
504,"1. erek-, er[e]gʰ-",erek er[e]gʰ,,,
505,"2. er(e)k-, rek-, rok-",erk erek rek rok,,,
506,1. eres-,eres,*Hers-{1},Hers-,
507,"2. ere-s-, <sub>e</sub>rs-, r̥s-, <sub>e</sub>res-, and rē̆s-, rō̆s-",ere eres ers r̥s eres rē̆s rō̆s,"*h₁ers-, ?*(h₁)reh₁s-{1},  *h₁erH-{1}","h₁ers-, (h₁)reh₁s-, h₁erH-",
508,1. ereu-,ereu,1.*h₁reh₁-{1},h₁reh₁-,
509,2. ereu-,ereu,,,
510,"1. erə-, rē-, er(e)-",erə rē er ere,2.*h₁reh₁-{1},,
511,"2. erə-, rē-",erə rē,,,
512,"er(ə)d-, (<sub>e</sub>r(ə)d-), er(ə)dʰ-",erd erəd d d) er(əd er(əd) erdʰ erədʰ,,,
513,ergʰ-,ergʰ,,,
514,erkʷ-,erkʷ,*h₁erkʷ-{1},h₁erkʷ-,
515,ers- : orsos,ers : orsos,,,
516,es-,es,1.*h₁es-{1},h₁es-,
517,esu-s : su-,esu esus : su,,,
518,ē̆s-,ē̆s,*h₁eh₁s0-,h₁eh₁s-,
519,"es-en-, os-en-",es esen os osen,,,
520,"ē̆s-r̥(gʷ), genitive <sub>e</sub>s-n-és",ē̆s ē̆sr̥ ē̆s ē̆sr̥gʷ es esn esnés,,,
521,et(e)n-,etn eten,,,
522,ēter-,ēter,,,
523,eti,eti,,,
524,ētī-,ētī,,,
525,ēt-mén-,ēt ētmén,,,
526,ētro-,ētro,,,
527,"1. eu-, euə- : u̯ā-, u̯ə-",eu euə : u̯ā u̯ə,*h₁u̯eh₂-{0} ,h₁u̯eh₂-,
528,2. eu-,eu,*h₂eu̯H-{1},h₂eu̯H-,
529,3. eu-,eu,"?*i̯eu̯t-{1}, *u̯et-","i̯eu̯t-, u̯et-",
530,4. eu-,eu,,,
531,"ēudʰ-, ōudʰ-, ūdʰ-",ēudʰ ōudʰ ūdʰ,,,
532,euk-,euk,*h₁eu̯k-,h₁eu̯k-,
533,eus-,eus,*h₁eu̯s-,h₁eu̯s-,
534,eu̯egʷʰ-,eu̯egʷʰ,*h₁u̯egʷʰ-,h₁u̯egʷʰ-,
535,ǵā̆b-,ǵā̆b,,,
536,"gag-, gōg-",gag gōg,,,
537,1. gal-,gal,,,
538,2. gal-,gal,?*g(ʷ)eRg̑ʰ-{1},g(ʷ)eRg̑ʰ-,
539,"3. gal-, or gʰal-",gal or gʰal,*gelH0-,gelH-,
540,gan(dʰ)-,gan gandʰ,,,
541,gang-,gang,,,
542,ǵā̆r-,ǵā̆r,*g̑ar-{1},g̑ar-,
543,garəǵ-,garəǵ,,,
544,gāu-,gāu,"*g/g̑eh₂dʰ-{1}, *g/g̑eh₂u̯-{1}","g(')eh₂dʰ-, g(')eh₂u̯-",
545,ǵebʰ-,ǵebʰ,,,
546,"ǵegʰ-, ǵogʰ-",ǵegʰ ǵogʰ,,,
547,gei-,gei,*g/g̑ei̯s-{1},g(')ei̯s-,
548,gē(i)- : gō(i)- : gī-,gē gēi : gō gōi : gī,*g(ʷ)eH(i̯)-{1},g(ʷ)eH(i̯)-,
549,"ǵēi-, ǵī-",ǵēi ǵī,*g̑ei̯H-{1},g̑ei̯H-,
550,geid-,geid,,,
551,ǵeid-,ǵeid,,,
552,geiǵ-,geiǵ,,,
553,ǵeis-,ǵeis,,,
554,1. gel-,gel,"*glei̯H-{1}, ?*glei̯bʰ-{1}","glei̯H-, glei̯bʰ-",
555,"2. gel-, and gʷel-",gel gʷel,"?*gʷʰel-{1}, 1.*gu̯el-{1}","gʷʰel-, gu̯el-",
556,3. gel(ə)-,gel gelə,*g/g̑el-{1},g(')el-,
557,"ǵel-, ǵelə-, ǵlē-, also *gelēi- : ǵ(e)ləi-",ǵel ǵelə ǵlē *gelēi : ǵləi ǵeləi,*g̑elh₂-{1},g̑elh₂-,
558,gelebʰ-,gelebʰ,,,
559,"g<sub>e</sub>li-, glī-",geli glī,,,
560,ǵ(<sub>e</sub>)lōu̯-,ǵlōu̯ ǵelōu̯,,,
561,gem-,gem,*gem-,gem-,
562,"ǵembʰ-, ǵm̥bʰ-, ǵombʰos",ǵembʰ ǵm̥bʰ ǵombʰos,*g̑embʰ-,g̑embʰ-,
563,ǵem(e)-,ǵem ǵeme,,,
564,gen-,gen,?*gnet-{1},gnet-,
565,"1. ǵen-, ǵenə-, ǵnē-, ǵnō-",ǵen ǵenə ǵnē ǵnō,*g̑enh₁-{1},g̑enh₁-,
566,"2. ǵen-, ǵenə-, ǵnē-, ǵnō-",ǵen ǵenə ǵnē ǵnō,*g̑neh₃-,g̑neh₃-,
567,"genebʰ-, genobʰ-",genebʰ genobʰ,,,
568,"geng-, gong-",geng gong,,,
569,gengʰ-,gengʰ,,,
570,"1. ǵenu-, ǵneu-",ǵenu ǵneu,,,
571,"2. ǵenu-, fem., ǵenədʰ- : ǵonədʰ-",ǵenu ǵenədʰ : ǵonədʰ,,,
572,"ǵep(ʰ)-, ǵebʰ-",ǵep ǵepʰ ǵebʰ,?*g̑ebʰ-{1},g̑ebʰ-,
573,"1. ger-, gere-",ger gere,?*h₂g/g̑er-{1},*h₂g(')er-,
574,2. ger-,ger,?*gʷrem-{1},,
575,3. ger-,ger,"?*greng̑ʰ-{1}, ?*g(ʷ)renth₂-{1}","greng̑ʰ-, g(ʷ)renth₂-",
576,"4. ger-, grēi-",ger grēi,*h₁ger-{1},h₁ger-,
577,"ǵer-, ǵerə-, ǵrē-",ǵer ǵerə ǵrē,*g̑erh₂-,g̑erh₂-,
578,gerebʰ-,gerebʰ,*gerbʰ-,,
579,ǵers-,ǵers,,,
580,"gēu-, gəu-, gū-",gēu gəu gū,,,
581,"ǵeu-, ǵeu̯ə-, also geu̯ə-",ǵeu ǵeu̯ə geu̯ə,?*g̑eu̯H-{1},g̑eu̯H-,
582,g(e)u-lo-,gu gulo geu geulo,,,
583,ǵeus-,ǵeus,*g̑eu̯s-,g̑eu̯s-,
584,"g(i̯)eu-, ǵ(i̯)eu-",geu gi̯eu ǵeu ǵi̯eu,*g̑i̯eu̯H-{1},g̑i̯eu̯H-,
585,"glag-, or glak-",glag or glak,,,
586,gleǵ-,gleǵ,,,
587,ǵlei-,ǵlei,?*g̑rei̯-{1},g̑rei̯-,
588,gleubʰ-,gleubʰ,,,
589,glōgʰ- : gləgʰ-,glōgʰ : gləgʰ,,,
590,"1. gol-, lengtʰened grade gōl-, reduced grade g<sub>o</sub>l-",gol lengtʰened gōl gol,?2.*gu̯el-{1},gu̯el-,
591,2. gol-,gol,,,
592,"gō̆u-, gou̯ə-, gū-",gō̆u gou̯ə gū,*geu̯h₂-{1},geu̯h₂-,
593,"gou̯ə-, or gau̯ə-? : gū-",gou̯ə or gau̯ə gau̯ə? : gū,"?*g(ʷ)eu̯-{1}, ?*g(ʷ)eu̯H-{1}","g(ʷ)eu̯-, g(ʷ)eu̯H-",
594,gras- : grō̆s-,gras : grō̆s,*gres-{1},gres-,
595,grēb(ʰ)o-s : grōb(ʰ)o-s,grēbo grēbos grēbʰo grēbʰos : grōbo grōbos grōbʰo grōbʰos,,,
596,gred- : grod-,gred : grod,,,
597,grem-,grem,,,
598,1. greus-,greus,,,
599,2. greus-,greus,,,
600,greut-,greut,,,
601,"grōd-, grəd-",grōd grəd,,,
602,gru-,gru,,,
603,"gʰa gʰa, gʰe gʰe, gʰi gʰi",gʰa gʰa gʰe gʰe gʰi gʰi,,,
604,gʰabʰ-,gʰabʰ,"*gʰebʰ-{1}, ?*g/g̑ʰeHb-{1}","gʰebʰ-, g(')ʰeHb-",
605,"gʰabʰ(o)lo-, masc., gʰabʰ(o)lā fem.",gʰabʰlo gʰabʰolo gʰabʰlā gʰabʰolā,,,
606,ǵʰāgʷʰ-,ǵʰāgʷʰ,,,
607,"gʰaido-, or ǵʰaido-",gʰaido or ǵʰaido,,,
608,gʰais-,gʰais,,,
609,"ǵʰaiso-, or ǵʰəiso- : ǵʰēiso-",ǵʰaiso or ǵʰəiso : ǵʰēiso,,,
610,gʰait-ā,gʰait gʰaitā,,,
611,"ǵʰal-, ǵʰal-ar-",ǵʰal ǵʰal ǵʰalar,,,
612,ǵʰalg(ʰ)-,ǵʰalg ǵʰalgʰ,,,
613,ǵʰan-,ǵʰan,*g/g̑ʰan-{1},g(')ʰan-,
614,ǵʰan-s-,ǵʰan ǵʰans,,,
615,"1. ǵʰasto-, ǵʰazdʰo-",ǵʰasto ǵʰazdʰo,,,
616,2. ǵʰasto-,ǵʰasto,,,
617,"ǵʰau-, ǵʰau̯ə-",ǵʰau ǵʰau̯ə,*g̑ʰu̯eH-{1},*g̑ʰu̯eH-,
618,gʰau̯o-,gʰau̯o,,,
619,"ǵʰðem-, ǵʰðom-, genitive-ablative ǵʰ(ð)m-és",ǵʰðem ǵʰðom ǵʰm ǵʰmés ǵʰðm ǵʰðmés,,,
620,"ǵʰði̯és, zero-grade ǵʰðis, simplified to ǵʰðés, ǵʰi̯és, ǵʰés",ǵʰði̯és zero zerograde ǵʰðis to ǵʰðés ǵʰi̯és ǵʰés,,,
621,"ǵʰðū-, or ǵʰi̯ū-?",ǵʰðū or ǵʰi̯ū ǵʰi̯ū?,,,
622,"gʰe-, gʰo-",gʰe gʰo,,,
623,"1. ǵʰē-, ǵʰēi-",ǵʰē ǵʰēi,"*gʰeh₁-, ?*g̑ʰeH-{1}, *g̑ʰeh₁-{1}","gʰeh₁-, g̑ʰeH-, g̑ʰeh₁-",
624,"2. ǵʰē- : gʰə-, and ǵʰēi- : ǵʰī-",ǵʰē : gʰə ǵʰēi : ǵʰī,*g̑ʰeh₁i̯-{1},g̑ʰeh₁i̯-,
625,"gʰebʰ-el-, gʰebʰ-<sub>e</sub>l-, gʰebʰ-elo-",gʰebʰ gʰebʰel gʰebʰ gʰebʰel gʰebʰ gʰebʰelo,,,
626,gʰed-,gʰed,*g̑ʰed-{1},g̑ʰed-,
627,"gʰedʰ-, gʰodʰ-",gʰedʰ gʰodʰ,?*gʰedʰ-{1},gʰedʰ-,
628,gʰegʰ-,gʰegʰ,,,
629,ǵ(ʰ)eǵʰ-,ǵeǵʰ ǵʰeǵʰ,,,
630,"1. ǵʰei-, ǵʰēi-",ǵʰei ǵʰēi,"?*g̑ʰei̯-{1}, *g̑ʰei̯s-{1}","g̑ʰei̯-, g̑ʰei̯s-",
631,2. ǵʰei- : ǵʰi-,ǵʰei : ǵʰi,,,
632,gʰeidʰ-,gʰeidʰ,?*gʰei̯dʰ-{1},gʰei̯dʰ-,
633,gʰeiǵʰ-,gʰeiǵʰ,?*g/g̑ʰei̯g/g̑ʰ-{0},g(')ʰei̯g(')ʰ-,
634,"gʰeis-, and ǵʰeiz-d-",gʰeis ǵʰeiz ǵʰeizd,"*g̑ʰei̯s-{1}, *g̑ʰei̯sd-{1}","g̑ʰei̯s-, g̑ʰei̯sd-",
635,gʰel-,gʰel,,,
636,"1. ǵʰel-, and gʰel-?, also as i-, u-, or n-stem; ǵʰelə-, ǵʰlē-, ǵʰlō-, ǵʰlə-",ǵʰel gʰel gʰel? as i u or n nstem; ǵʰelə ǵʰlē ǵʰlō ǵʰlə,*gʰlendʰ-{1},gʰlendʰ-,
637,2. ǵʰel-,ǵʰel,,,
638,ǵʰēlā,ǵʰēlā,,,
639,gʰeldʰ-,gʰeldʰ,*g(ʷ)eldʰ-{1},g(ʷ)eldʰ-,
640,gʰel(ē̆)ǵʰ-,gʰelǵʰ gʰelē̆ǵʰ,,,
641,gʰeləd-,gʰeləd,,,
642,gʰelǵʰ-,gʰelǵʰ,,,
643,"gʰel-ond-, gʰol-n̥d-",gʰel gʰelond gʰol gʰoln̥d,,,
644,"gʰel-ōu-, gʰelū-",gʰel gʰelōu gʰelū,,,
645,"gʰel-tō, Germanic and gʰel-dʰō Slavic",gʰel gʰeltō Germanic gʰel gʰeldʰō Slavic,?*gʰeldʰ-{1},gʰeldʰ-,
646,gʰelunā,gʰelunā,,,
647,gʰen-,gʰen,,,
648,"gʰend-, and gʰed-",gʰend gʰed,*gʰed-{1},gʰed-,
649,"gʰendʰ-, gʰ<sub>o</sub>ndʰ-",gʰendʰ gʰondʰ,,,
650,ǵʰengʰ-,ǵʰengʰ,*g̑ʰengʰ-{1},g̑ʰengʰ-,
651,1. gʰer-,gʰer,?*g/g̑ʰreh₁d-{1},g(')ʰreh₁d-,
652,2. gʰer-,gʰer,,,
653,"3. gʰer-, gʰrē- : gʰrō- : gʰrə-",gʰer gʰrē : gʰrō : gʰrə,,,
654,1. ǵʰer-,ǵʰer,1.*g̑ʰer-{1},g̑ʰer-,
655,2. ǵʰer-,ǵʰer,,,
656,"3. ǵʰer-, and ǵʰerə-, ǵʰrē-",ǵʰer ǵʰerə ǵʰrē,?3.*g̑ʰer-{1},g̑ʰer-,
657,4. ǵʰer-,ǵʰer,?2.*g̑ʰer-{1},g̑ʰer-,
658,"5. ǵʰer-, ǵʰor-nā",ǵʰer ǵʰor ǵʰornā,,,
659,"6. ǵʰer-, ǵʰerə- : ǵʰrē-?",ǵʰer ǵʰerə : ǵʰrē ǵʰrē?,,,
660,7. ǵʰer-,ǵʰer,,,
661,"ǵʰerdʰ-, and gʰerdʰ-",ǵʰerdʰ gʰerdʰ,*gʰerdʰ-{1},gʰerdʰ-,
662,"1. gʰers-, gʰres-",gʰers gʰres,,,
663,2. gʰers-,gʰers,,,
664,ǵʰers-,ǵʰers,"*g̑ʰers-{1}, ?*g(ʷ)ʰers-{1}","g̑ʰers-, g(ʷ)ʰers-",
665,gʰerto-,gʰerto,,,
666,"ǵʰerzd(ʰ), genitive ǵʰr̥zd(ʰ)-es, ǵʰerzdā",ǵʰerzd ǵʰerzdʰ ǵʰr̥zd ǵʰr̥zdes ǵʰr̥zdʰ ǵʰr̥zdʰes ǵʰerzdā,,,
667,ǵʰéslo-,ǵʰéslo,,,
668,"ǵʰesor-, ǵʰesr-",ǵʰesor ǵʰesr,,,
669,ǵʰesto-,ǵʰesto,,,
670,1. ǵʰeu-,ǵʰeu,"*g̑ʰeu̯-, ?*g̑ʰeu̯d-{1}","g̑ʰeu̯-, g̑ʰeu̯d-",
671,"2. ǵʰeu-, ǵʰeu-d-",ǵʰeu ǵʰeu ǵʰeud,,,
672,ǵʰēu- : ǵʰō(u)- : ǵʰəu-,ǵʰēu : ǵʰō ǵʰōu : ǵʰəu,,,
673,gʰeub(ʰ)-,gʰeub gʰeubʰ,?*g(ʷ)eu̯bʰ-{1},g(ʷ)eu̯bʰ-,
674,"gʰeuǵʰ-, gʰū̆ǵʰ-",gʰeuǵʰ gʰū̆ǵʰ,?*g(ʷ)ʰeu̯g̑ʰ-{1},g(ʷ)ʰeu̯g̑ʰ-,
675,"gʰeu̯ei̯ā, ǵʰeu̯ei̯ā",gʰeu̯ei̯ā ǵʰeu̯ei̯ā,,,
676,gʰlādʰ-,gʰlādʰ,,,
677,ǵʰlād-,ǵʰlād,,,
678,gʰleu-,gʰleu,,,
679,ǵʰō,ǵʰō,,,
680,gʰoilo-s,gʰoilo gʰoilos,,,
681,gʰom-,gʰom,,,
682,gʰō̆s-,gʰō̆s,?1.*g(ʷ)ʰes-{1},g(ʷ)ʰes-,
683,gʰosti-s,gʰosti gʰostis,,,
684,gʰou̯(ē)-,gʰou̯ gʰou̯ē,,,
685,gʰou-ro-s,gʰou gʰouro gʰouros,,,
686,gʰous-,gʰous,?*g(ʷ)ʰeu̯s-,g(ʷ)ʰeu̯s-,
687,gʰrē- : gʰrō- : gʰrə-,gʰrē : gʰrō : gʰrə,,,
688,"1. gʰrebʰ-, gʰerbʰ-, root extension gʰrebʰā-",gʰrebʰ gʰerbʰ gʰrebʰā,*gʰrebh₂-{1},gʰrebh₂-,
689,2. gʰrebʰ-,gʰrebʰ,?*gʰrebʰ-{1},gʰrebʰ-,
690,gʰredʰ-,gʰredʰ,?*gʰrei̯dʰ-{1},gʰrei̯dʰ-,
691,"gʰrēi- : gʰrəi- : gʰrī-, and lit. gʰrei-",gʰrēi : gʰrəi : gʰrī lit. gʰrei,*gʰrei̯-,gʰrei̯-,
692,gʰreib-,gʰreib,?*gʰrei̯bʰ-{1},gʰrei̯bʰ-,
693,1. gʰrem-,gʰrem,,,
694,2. gʰrem-,gʰrem,*gʰrem-,gʰrem-,
695,gʰren-,gʰren,*g(ʷ)ʰrend-{1},g(ʷ)ʰrend-,
696,gʰrendʰ-,gʰrendʰ,,,
697,1. gʰrēu- : gʰrəu- : gʰrū-,gʰrēu : gʰrəu : gʰrū,*gʰreh₁u̯-{1},gʰreh₁u̯-,
698,2. gʰrēu- : gʰrəu- : gʰrū-,gʰrēu : gʰrəu : gʰrū,,,
699,gʰroud-,gʰroud,,,
700,"gʷā-, gʷem-",gʷā gʷem,"*gʷeh₂-, *gʷem-","gʷeh₂-, gʷem-",
701,gʷā̆dʰ-,gʷā̆dʰ,"*g(ʷ)eg̑ʰ-{1}, *gʷeh₂dʰ-{1}","g(ʷ)eg̑ʰ-, gʷeh₂dʰ-",
702,"1. gʷēbʰ-, or gʷābʰ-?, gʷəbʰ-",gʷēbʰ or gʷābʰ gʷābʰ? gʷəbʰ,*gʷeh₂bʰ-{1},gʷeh₂bʰ-,
703,2. gʷēb(ʰ)-,gʷēb gʷēbʰ,,,
704,gʷedʰ-,gʷedʰ,,,
705,1. gʷei-,gʷei,,,
706,2. gʷei-,gʷei,,,
707,"3. gʷei̯-, and gʷei̯ə-",gʷei̯ gʷei̯ə,*gʷi̯eh₃-{1},gʷi̯eh₃-,
708,"gʷēi-, or gʷei̯ə- : gʷī-",gʷēi or gʷei̯ə : gʷī,,,
709,gʷeid(ʰ)-,gʷeid gʷeidʰ,,,
710,gʷei̯ə-,gʷei̯ə,"*gʷei̯-{1}, ?*g̑i̯eH-{1}","gʷei̯-, g̑i̯eH-",
711,1. gʷel-,gʷel,1.*gʷelH-{1},gʷelH-,
712,"2. gʷel-, gʷelə-, gʷlē-",gʷel gʷelə gʷlē,"2.*gʷelH-{1}, *gʷelh₁-{1}, ?*gʷelh₃-{1}","gʷelH-, gʷelh₁-, gʷelh₃-",
713,"3. gʷel-, gʷ<sub>e</sub>l-, gʷlā-",gʷel gʷel gʷlā,,,
714,gʷelbʰ-,gʷelbʰ,,,
715,gʷem-,gʷem,,,
716,gʷē̆nā,gʷē̆nā,,,
717,"1. gʷer-, gʷerə-",gʷer gʷerə,*gʷerh₃-,gʷerh₃-,
718,"2. gʷer-, gʷerə-, gʷerəu-, gʷerī-",gʷer gʷerə gʷerəu gʷerī,,,
719,"3. gʷer-, gʷor-",gʷer gʷor,,,
720,4. gʷer(ə)-,gʷer gʷerə,"*gʷerH-{1}, *g(ʷ)erdʰ-, *gerbʰ-","gʷerH-, g(ʷ)erdʰ-, gerbʰ-",
721,"ǵu̯er-, ǵu̯erə-",ǵu̯er ǵu̯erə,*g̑u̯elH-{1},g̑u̯elH-,
722,gʷeru-,gʷeru,,,
723,"gʷes-, zgʷes-",gʷes zgʷes,*(s)gʷesh₂-{1},(s)gʷesh₂-,
724,"gu̯es-, gȗos-, gus-, extended gu̯oz-do-",gu̯es gȗos gus gu̯oz gu̯ozdo,,,
725,1. gʷet-,gʷet,,,
726,2. gʷet-,gʷet,?*gʷet-{1},gʷet-,
727,gu̯et-,gu̯et,,,
728,"gʷii̯ā, gʷii̯ós",gʷii̯ā gʷii̯ós,,,
729,gʷis-ti-s,gʷis gʷisti gʷistis,,,
730,gʷīu̯-,gʷīu̯,,,
731,gʷl̥tur(os),gʷl̥tur gʷl̥turos,,,
732,gʷor-gʷ(or)o-,gʷor gʷorgʷo gʷor gʷorgʷoro,,,
733,gʷou-,gʷou,,,
734,"gʷōu-, gʷū-",gʷōu gʷū,,,
735,"gu̯ozd(ʰ)o-, gu̯ozd(ʰ)i-",gu̯ozdo gu̯ozdʰo gu̯ozdi gu̯ozdʰi,,,
736,gʷrebʰ-,gʷrebʰ,,,
737,gʷreiǵ-,gʷreiǵ,,,
738,gʷrendʰ-,gʷrendʰ,,,
739,gʷretso-,gʷretso,,,
740,"gʷrēuǵʰ-, gʷrū̆ǵʰ-",gʷrēuǵʰ gʷrū̆ǵʰ,,,
741,gʷʰðei(ə)-,gʷʰðei gʷʰðeiə,*dʰgʷʰei̯-{1},dʰgʷʰei̯-,
742,gʷʰðer-,gʷʰðer,*gʷg̑ʰer-{1},gʷg̑ʰer-,
743,gʷʰedʰ-,gʷʰedʰ,*gʷʰedʰ-,gʷʰedʰ-,
744,"*gʷʰēi- : gʷʰəi-, gʷʰəi-d- : gʷʰīd-",*gʷʰēi : gʷʰəi gʷʰəi gʷʰəid : gʷʰīd,,,
745,gʷʰeiə- : gʷʰī-,gʷʰeiə : gʷʰī,,,
746,gʷʰel-,gʷʰel,?*h₁gʷʰel-{1},h₁gʷʰel-,
747,ǵʰu̯el-,ǵʰu̯el,*g̑ʰu̯er-{1},g̑ʰu̯er-,
748,ǵʰu̯elg-,ǵʰu̯elg,?*g̑(ʰ)u̯elg(ʷ)ʰ-{1},*g̑(ʰ)u̯elg(ʷ)ʰ-,
749,gʷʰemb-,gʷʰemb,,,
750,ǵʰu̯en-,ǵʰu̯en,*g̑ʰu̯en-{1},g̑ʰu̯en-,
751,1. gʷʰen-,gʷʰen,,,
752,2. gʷʰen(-ə)-,gʷʰen gʷʰen gʷʰenə,*gʷʰen-,gʷʰen-,
753,ǵʰu̯ē̆r-,ǵʰu̯ē̆r,,,
754,gʷʰer-,gʷʰer,*gʷʰer-,gʷʰer-,
755,ǵʰu̯oigʷ-,ǵʰu̯oigʷ,,,
756,"ǵʰu̯ōkʷ-, ǵʰu̯əkʷ-",ǵʰu̯ōkʷ ǵʰu̯əkʷ,,,
757,gʷʰrē-,gʷʰrē,*gʷʰreh₁-{1},gʷʰreh₁-,
758,gʷʰren-,gʷʰren,,,
759,ʰā̆,ʰā̆,,,
760,ʰa ʰa!,ʰa ʰa!,,,
761,"īl-, īlu-",īl īlu,,,
762,īli-,īli,,,
763,i̯ā- : i̯ō-,i̯ā : i̯ō,2.*i̯eh₂-{1},i̯eh₂-,
764,i̯ā-,i̯ā,,,
765,i̯ag-,i̯ag,*Hi̯ag̑-{1},Hi̯ag̑-,
766,i̯agʰ-,i̯agʰ,?*i̯ek(ʷ)s-{1},i̯ek(ʷ)s-,
767,i̯āi,i̯āi,,,
768,"i̯ā̆m-, or i̯em- : i̯<sub>e</sub>m- : i̯ōm-",i̯ā̆m or i̯em : i̯em : i̯ōm,,,
769,i̯ām,i̯ām,,,
770,i̯ē- : i̯ə-,i̯ē : i̯ə,*Hi̯eh₁-{1},Hi̯eh₁-,
771,i̯ebʰ-,i̯ebʰ,,,
772,i̯eg-,i̯eg,,,
773,i̯ēgʷā,i̯ēgʷā,,,
774,i̯ek-,i̯ek,2.*i̯eh₂-{1},i̯eh₂-,
775,i̯ēk- : i̯ək-,i̯ēk : i̯ək,,,
776,"i̯ē̆kʷ-r̥(t-), genitive i̯ekʷ-n-és",i̯ē̆kʷ i̯ē̆kʷr̥ i̯ē̆kʷ i̯ē̆kʷr̥t i̯ē̆kʷr̥t i̯ekʷ i̯ekʷn i̯ekʷnés,,,
777,iēlo- : i̯əlo-,iēlo : i̯əlo,,,
778,i̯em-,i̯em,?*i̯em-{1},i̯em-,
779,"i̯énəter-, weak case i̯<sub>e</sub>nətr-, i̯n̥̄tr-",i̯énəter i̯enətr i̯n̥̄tr,,,
780,i̯ē-ro-,i̯ē i̯ēro,,,
781,i̯es-,i̯es,*i̯es-,i̯es-,
782,i̯et-,i̯et,*i̯et-,i̯et-,
783,1. i̯eu-,i̯eu,1.*i̯eu̯-{1},i̯eu̯-,
784,"2. i̯eu-, i̯eu̯ə-, i̯eu-g-",i̯eu i̯eu̯ə i̯eu i̯eug,"1.*i̯eu̯-{1}, *i̯eu̯g-","i̯eu̯-, i̯eu̯g-",
785,3. i̯eu-,i̯eu,,,
786,4. i̯eu-,i̯eu,,,
787,i̯eu-dʰ-,i̯eu i̯eudʰ,*Hi̯eu̯dʰ-{1},Hi̯eu̯dʰ-,
788,i̯euǵ-,i̯euǵ,*i̯eu̯g̑H-{1},i̯eu̯g̑H-,
789,"i̯eu-ni-, or i̯ou-ni-",i̯eu i̯euni or i̯ou i̯ouni,,,
790,i̯eu̯o-,i̯eu̯o,,,
791,i̯eu̯os-,i̯eu̯os,,,
792,i̯o-,i̯o,,,
793,i̯oi-ni-,i̯oi i̯oini,,,
794,i̯ork-,i̯ork,,,
795,"i̯ou, i̯u",i̯ou i̯u,,,
796,i̯ō[u]s- : i̯ūs-,i̯ō[u]s : i̯ūs,*i̯eh₃s-,i̯eh₃s-,
797,1. i̯u-,i̯u,,,
798,2. i̯ū̆,i̯ū̆,,,
799,kā-,kā,"1.*keh₂-{1}, ?*k(ʷ)enH-{1}","keh₂-, k(ʷ)enH-",
800,"kā̆, ke, kom",kā̆ ke kom,,,
801,kā̆d-,kā̆d,,,
802,kadʰ-,kadʰ,,,
803,1. ḱad-,ḱad,*k̑ad-{1},k̑ad-,
804,2. ḱad-,ḱad,"?*k/k̑end-{1}, ?*k̑end-{1}","k(')end-, k̑end-",
805,ḱād- : ḱədes- : ḱəd-s-,ḱād : ḱədes : ḱəd ḱəds,*k̑eh₂d-{1},k̑eh₂d-,
806,"kaǵo-, masc., kaǵā- fem.",kaǵo kaǵā,,,
807,kagʰ- : kogʰ-,kagʰ : kogʰ,*k/k̑agʰ-{1},k(')agʰ-,
808,kagʰlo-,kagʰlo,,,
809,"1. kai-, kai-u̯o-, kai-u̯elo-",kai kai kaiu̯o kai kaiu̯elo,,,
810,2. kai,kai,,,
811,"3. kā̆i-, kī̆-",kā̆i kī̆,,,
812,"4. kāi-d-, kāi-t-",kāi kāid kāi kāit,,,
813,kai-ko-,kai kaiko,,,
814,"kaiḱ-, or koiḱ-",kaiḱ or koiḱ,,,
815,"kai-lo-, kai-lu-",kai kailo kai kailu,,,
816,kais-,kais,,,
817,kāi-t-,kāi kāit,,,
818,kaito-,kaito,,,
819,"kaiu̯r̥-t, kaiu̯n̥-t",kaiu̯r̥ kaiu̯r̥t kaiu̯n̥ kaiu̯n̥t,,,
820,kakka-,kakka,,,
821,kāk-,kāk,,,
822,1. ḱak-,ḱak,,,
823,"2. ḱak-, ḱek-?",ḱak ḱek ḱek?,"*k̑ek(ʷ)-{1}, ?*k(ʷ)ek(ʷ)-{1}","k̑ek(ʷ)-, k(ʷ)ek(ʷ)-",
824,"1. ḱāk- : ḱək-, probably ḱā[i]k- : ḱīk-",ḱāk : ḱək ḱā[i]k : ḱīk,*k̑eh₂k-{1},k̑eh₂k-,
825,2. ḱā̆k-,ḱā̆k,,,
826,1. kal-,kal,,,
827,"2. kal-, kali-, kalu-",kal kali kalu,,,
828,"3. kā̆l-, kō̆l-?",kā̆l kō̆l kō̆l?,,,
829,kalni-,kalni,,,
830,kam-er-,kam kamer,,,
831,kā̆m-,kā̆m,,,
832,kamb-,kamb,,,
833,kam-p-,kam kamp,"*kamp-{1}, ?*k(ʷ)emp-{1}","kamp-, k(ʷ)emp-",
834,kan-,kan,*k/k̑an-{1},k(')an-,
835,"kand-, skand-, and Indo-Iranian (s)kend-",kand skand kend skend,2.*(s)kend-{1},(s)kend-,
836,ḱank-,ḱank,,,
837,kan-tʰo-,kan kantʰo,,,
838,kap-,kap,*keh₂p-{1},keh₂p-,
839,"kāp-, kəp-",kāp kəp,,,
840,kā̆po-,kā̆po,,,
841,kapro-,kapro,,,
842,kap-ut,kap kaput,,,
843,"kā̆pʰo-, or ḱō̆pʰo-",kā̆pʰo or ḱō̆pʰo,,,
844,1. kar-,kar,,,
845,"2. kar-, karə-",kar karə,"1.*kerH-{1}, ?*k(ʷ)erd-{1}","kerH-, k(ʷ)erd-",
846,"3. kar-, reduplicated karkar-",kar karkar,,,
847,kār-,kār,,,
848,kars-,kars,*(s)kers-{0},(s)kers-,
849,"ḱas-, ḱas-no-",ḱas ḱas ḱasno,,,
850,"ḱās-, ḱəs-",ḱās ḱəs,*k̑eHs-{1},k̑eHs-,
851,1. kat-,kat,,,
852,2. kat-,kat,,,
853,ḱat-,ḱat,,,
854,kau-,kau,,,
855,"kāu-, kəu-",kāu kəu,2.*keh₂u̯-{1},keh₂u̯-,
856,"kā̆u-, kē̆u-, kū-",kā̆u kē̆u kū,?2.*k̑eu̯k-{1},k̑eu̯k-,
857,kā̆u(ə)lā : kūlā,kā̆ulā kā̆uəlā : kūlā,,,
858,"kau-l-, ku-l-",kau kaul ku kul,,,
859,kaus-,kaus,,,
860,ḱe-,ḱe,,,
861,ked-,ked,,,
862,"keg-, keng-, and kek-, kenk-",keg keng kek kenk,,,
863,kēi-,kēi,"*(k/k̑ei̯h₂-{1}, *k̑ei̯d-{1}, *kʷi̯eu̯-{1}","k(')ei̯h₂-, k̑ei̯d-, kʷi̯eu̯-",
864,1. ḱei-,ḱei,1.*k̑ei̯-,k̑ei̯-,
865,2. ḱei-,ḱei,,,
866,ḱē(i)- : ḱō(i)- : ḱə(i)-,ḱē ḱēi : ḱō ḱōi : ḱə ḱəi,*k̑eh₃(i̯)-{1},k̑eh₃(i̯)-,
867,ḱēi-bʰ-,ḱēi ḱēibʰ,,,
868,keid-,keid,,,
869,ḱēi-gʰ-,ḱēi ḱēigʰ,,,
870,ḱeip-,ḱeip,,,
871,"ḱeipo-, ḱoipo-",ḱeipo ḱoipo,,,
872,keis-,keis,,,
873,keḱ-,keḱ,,,
874,keku-,keku,,,
875,ḱēko-,ḱēko,,,
876,ḱekʷ-,ḱekʷ,,,
877,"1. kel-, kelə-",kel kelə,*kelH-{1},kelH-,
878,2. kel-,kel,,,
879,"3. kel-, kelə-, klā-, extended klād-",kel kelə klā klād,*kelh₂-,kelh₂-,
880,"4. kel-, and kāl-",kel kāl,,,
881,5. kel-,kel,*kel-{1},kel-,
882,"6. kel-, k(<sub>e</sub>)lē-, k(<sub>e</sub>)lā-, or kl̥̄-?",kel klē kelē klā kelā or kl̥̄ kl̥̄?,"*kleh₁-{1}, ?*k(ʷ)Rend-{1}","kleh₁-, *k(ʷ)Lend-",
883,"7. kel-, kol-, k<sub>o</sub>l-",kel kol kol,,,
884,8. kel-,kel,,,
885,9. kel-,kel,,,
886,10. kel-,kel,,,
887,11. kel-,kel,,,
888,"kēl-, kōl-, kəl-",kēl kōl kəl,*k/k̑elh₁-{1},k(')elh₁-,
889,1. ḱel-,ḱel,"*k̑elH-{1}, 2.*k̑el-{1}","k̑elH-, *k̑el-",
890,2. ḱel-,ḱel,,,
891,3. ḱel-,ḱel,,,
892,4. ḱel-,ḱel,1.*k̑el-{1},k̑el-,
893,"ḱelb-, ḱelp-",ḱelb ḱelp,,,
894,keleu-,keleu,,,
895,"k<sub>e</sub>ləu̯o-, k<sub>e</sub>leu̯o-",keləu̯o keleu̯o,,,
896,kelg-,kelg,,,
897,"kelp-, kl̥p-",kelp kl̥p,,,
898,1. kem-,kem,*kem-{1},kem-,
899,2. kem-,kem,,,
900,"1. ḱem-, or ḱam-",ḱem or ḱam,,,
901,2. ḱem-,ḱem,,,
902,3. ḱem-,ḱem,,,
903,4. ḱem(ə)-,ḱem ḱemə,*k̑emh₂-,k̑emh₂-,
904,"kemə-, komə-, kmā-",kemə komə kmā,,,
905,"kemero-, komero-, k<sub>e</sub>mero-",kemero komero kemero,,,
906,k<sub>e</sub>mer-,kemer,,,
907,1. ken-,ken,,,
908,"2. ken-, kenə-, keni-, kenu-",ken kenə keni kenu,"*kneh₂-{1}, *knei̯d-{1}, ?*kneu̯H-{1}","kneh₂-, knei̯d-, kneu̯H-",
909,3. ken-,ken,*ken-{1},ken-,
910,4. ken-,ken,*kenh₁-{1},kenh₁-,
911,ḱen-,ḱen,,,
912,k<sub>e</sub>nəkó-,kenəkó,,,
913,"keng-, kenk-",keng kenk,,,
914,1. kenk-,kenk,,,
915,2. kenk-,kenk,,,
916,3. kenk-,kenk,,,
917,"ḱenk-, ḱonk-",ḱenk ḱonk,*k̑enk-{1},k̑enk-,
918,ḱens-,ḱens,*k̑eNs-{1},k̑eNs-,
919,kentʰ(o)-,kentʰ kentʰo,,,
920,ḱent-,ḱent,*k̑ent-{1},k̑ent-,
921,"1. ker-, kor-, kr-",ker kor kr,"?*k(ʷ)RepH-{1}, ?*KrepH-{1}","k(ʷ)LepH-, KrepH-{1}",
922,2. ker-,ker,,,
923,3. ker(ə)-,ker kerə,?*k/k̑remH-{1},k(')remH-,
924,4. ker-,ker,,,
925,"5. ker-?, kō̆r-",ker ker? kō̆r,"?2.*kerH-{1}, *k̑remh₂-{1}","kerH-, k̑remh₂-",
926,"6. ker-, and ḱer-",ker ḱer,,,
927,7. ker-,ker,,,
928,"1. ḱer-, ḱerə- : ḱrā-, ḱerei-, ḱereu-",ḱer ḱerə : ḱrā ḱerei ḱereu,,,
929,"2. ḱer-, ḱerə-, ḱrē-",ḱer ḱerə ḱrē,*k̑erh₃-,k̑erh₃-,
930,3. ḱer-,ḱer,,,
931,"4. ḱer-, and ḱerə- : ḱrē-",ḱer ḱerə : ḱrē,1.*k̑erh₂-{1},,
932,"ḱerbero-, and kerbero-",ḱerbero kerbero,,,
933,1. kerd-,kerd,,,
934,2. kerd-,kerd,,,
935,"ḱerdʰo-, ḱerdʰā",ḱerdʰo ḱerdʰā,,,
936,"ḱered- : ḱerd-, ḱērd-, ḱr̥d-, ḱred-",ḱered : ḱerd ḱērd ḱr̥d ḱred,,,
937,"kerem-, krem- : krom-, and kerm-",kerem krem : krom kerm,,,
938,"kerəp-, krēp-",kerəp krēp,,,
939,kerḱ- : korḱ- : kr̥ḱ-,kerḱ : korḱ : kr̥ḱ,*k(ʷ)erk̑-,k(ʷ)erk̑-,
940,"ḱerə-, ḱrā-",ḱerə ḱrā,2.*k̑erh₂-{1},k̑erh₂-,
941,kerm-,kerm,,,
942,kerno-,kerno,,,
943,ḱē-ro-,ḱē ḱēro,,,
944,kers-,kers,,,
945,1. ḱer(s)-,ḱer ḱers,,,
946,2. ḱers-,ḱers,1.*k/k̑ers-{1},k(')ers-,
947,"kert-, kerət-, krāt-",kert kerət krāt,"1.*kert-{1}, ?2.*k(ʷ)ert-{1}","kert-, k(ʷ)ert-",
948,kes-,kes,"*kes-, *ksen-{1}, *ksneu̯-{1}, *kseu̯-{1}","kes-, ksen-, ksneu̯-, kseu̯-",
949,ḱes-,ḱes,*k̑es-{1},k̑es-,
950,"kē̆t-, kot-",kē̆t kot,,,
951,"1. keu-, skeu-, lengtʰened grade kēu-",keu skeu lengtʰened kēu,*(s)keu̯h₁-{1},(s)keu̯h₁-,
952,"2. keu-, keu̯ə-",keu keu̯ə,"?*k(ʷ)eu̯k-{1}, *keu̯bʰ-{1}, ?*k/k̑eu̯bh₂-{1}","k(ʷ)eu̯k-, keu̯bʰ-, k(')eu̯bh₂-",
953,"1. ḱeu-, ḱeu̯ə- : ḱū-, ḱu̯ā-",ḱeu ḱeu̯ə : ḱū ḱu̯ā,"*k̑u̯eh₁-{1}, ?*(k/k̑u̯eh₂-{1}","k̑u̯eh₁-, k(')u̯eh₂-",
954,2. ḱeu-,ḱeu,"?*k̑eu̯bʰ-{1}, ?*k̑eu̯dʰ-{1}","k̑eu̯bʰ-, k̑eu̯dʰ-",
955,1. ḱēu- : ḱū-,ḱēu : ḱū,?*keh₁u̯-,keh₁u̯-,
956,"2. ḱēu- : ḱəu-, ḱū-",ḱēu : ḱəu ḱū,1.*keh₂u̯-{1},keh₂u̯-{1},
957,ḱeub-,ḱeub,,,
958,"keuəd-, kū̆d-",keuəd kū̆d,,,
959,"keu̯əp- : ku̯ēp-, ku̯əp-, kū̆p-, and occasionally keu̯(e)p-, k(e)u̯ep-",keu̯əp : ku̯ēp ku̯əp kū̆p keu̯p keu̯ep ku̯ep keu̯ep,"*keu̯p-{1}, ?*ku̯ep-{1}, *ku̯eh₁p-{1}","keu̯p-, ku̯ep-, ku̯eh₁p-",
960,"ḱēu̯ero-, ḱōu̯ero-, also sḱūro-?",ḱēu̯ero ḱōu̯ero sḱūro sḱūro?,,,
961,ḱeuk-,ḱeuk,?1.*k̑eu̯k-{1},k̑eu̯k-,
962,"ḱeuḱ-, ḱuḱ-",ḱeuḱ ḱuḱ,,,
963,kik-,kik,,,
964,1. ḱik-,ḱik,,,
965,2. ḱī̆k-,ḱī̆k,,,
966,ḱiḱer-,ḱiḱer,,,
967,"ḱīō̆n-, ḱīsō̆n-?",ḱīō̆n ḱīsō̆n ḱīsō̆n?,,,
968,ḱipʰ-,ḱipʰ,,,
969,kistā,kistā,,,
970,klā-,klā,*k(ʷ)leh₂-{1},k(ʷ)leh₂-,
971,klādʰrā,klādʰrā,,,
972,klau-,klau,?*k/k̑leh₂u̯-{1},k(')leh₂u̯-,
973,"klēg-, klōg-, kləg-, klang-, kleg-, klōg-, kleig-, kleik-",klēg klōg kləg klang kleg klōg kleig kleik,,,
974,ḱlei-,ḱlei,*k̑lei̯-,k̑lei̯-,
975,kleiḱ-,kleiḱ,*k(ʷ)lei̯k̑-{1},k(ʷ)lei̯k̑-,
976,"klem-, klēm-, kl<sub>e</sub>m-",klem klēm klem,,,
977,"kleng-, and klenk-",kleng klenk,?*k(ʷ)lenk(ʷ)-{1},k(ʷ)lenk(ʷ)-,
978,kleno-,kleno,,,
979,klep-,klep,,,
980,"ḱlep-, sḱlep-?",ḱlep sḱlep sḱlep?,*klep-{1},klep-,
981,klēp-,klēp,,,
982,"klēu-, also klĕu-?, and klāu-",klēu klĕu klĕu? klāu,?*kleu̯H-{1},kleu̯H-,
983,"1. ḱleu-, ḱleu̯ə- : ḱlū-",ḱleu ḱleu̯ə : ḱlū,"*k̑leu̯-, *k̑leu̯s-{1}","k̑leu̯-, k̑leu̯s-",
984,2. ḱleu- : *ḱlō[u]- : ḱlū-,ḱleu : *ḱlō[u] : ḱlū,*k̑leu̯H-{1},k̑leu̯H-,
985,ḱlou-ni-,ḱlou ḱlouni,,,
986,"knei-gʷʰ-, knei-b-",knei kneigʷʰ knei kneib,"*Knei̯gʷʰ-{1}, ?*knei̯bʰ-{1}","Knei̯gʷʰ-, knei̯bʰ-",
987,kneug-,kneug,,,
988,"knid-, ḱnid-, sknid-",knid ḱnid sknid,,,
989,"ḱo-, ḱe-, witʰ tʰe particle ḱe, ḱ(e)i-, ḱ(i)i̯o-",ḱo ḱe witʰ tʰe ḱe ḱi ḱei ḱi̯o ḱii̯o,,,
990,kob-,kob,,,
991,"koi-, ku̯ī-",koi ku̯ī,,,
992,koi-lo-,koi koilo,,,
993,ḱoi-no-,ḱoi ḱoino,,,
994,kois-,kois,,,
995,"ko ko, kak(k)-, ku(r)kur-",ko ko kak kakk kukur kurkur,,,
996,koḱsā,koḱsā,,,
997,kolə- : klō-,kolə : klō,?*k/k̑leh₃dʰ-{1},k(')leh₃dʰ-,
998,"ḱoləmo-s, ḱoləmā",ḱoləmo ḱoləmos ḱoləmā,,,
999,kol(ē̆)i̯-,koli̯ kolē̆i̯,,,
1000,koli-,koli,,,
1001,kom,kom,,,
1002,"konəmo-, knāmo-, or k<sub>e</sub>nəmo-",konəmo knāmo or kenəmo,,,
1003,ḱonk-,ḱonk,,,
1004,ḱonkʰo-,ḱonkʰo,,,
1005,"ḱop(ʰ)elo-s, or ḱap(ʰ)elo-s",ḱopelo ḱopelos ḱopʰelo ḱopʰelos or ḱapelo ḱapelos ḱapʰelo ḱapʰelos,,,
1006,kopso-,kopso,,,
1007,ḱorkā,ḱorkā,,,
1008,ḱormen-,ḱormen,,,
1009,"ḱormno-, ḱr̥mno-",ḱormno ḱr̥mno,,,
1010,ḱormo-,ḱormo,,,
1011,"koro-s, kori̯o-s",koro koros kori̯o kori̯os,,,
1012,kos(e)lo-,koslo koselo,,,
1013,kost-,kost,,,
1014,"ḱrā̆po-, ḱrō̆po-?",ḱrā̆po ḱrō̆po ḱrō̆po?,,,
1015,ḱrā-,ḱrā,,,
1016,krāt-,krāt,,,
1017,krā[u]- : krəu- : krū̆-,krā[u] : krəu : krū̆,?*kreh₂-{1},kreh₂-,
1018,"ḱre-, ḱrei-, ḱr̥̄-",ḱre ḱrei ḱr̥̄,,,
1019,ḱrē-,ḱrē,,,
1020,kreb-,kreb,,,
1021,"ḱrebʰ-, ḱrō̆bʰ-, ḱrembʰ-",ḱrebʰ ḱrō̆bʰ ḱrembʰ,,,
1022,kred-,kred,,,
1023,ḱred-,ḱred,,,
1024,"1. kreg-, and kerg-?",kreg kerg kerg?,,,
1025,2. kreg-,kreg,,,
1026,1. krei-,krei,?*Krei̯H-{1},Krei̯H-,
1027,"2. krei-, kreig-, kreik-",krei kreig kreik,,,
1028,ḱrei-,ḱrei,*k̑rei̯H-,k̑rei̯H-,
1029,1. krek-,krek,*krek̑-,krek̑-,
1030,"2. krek-, kr̥k-",krek kr̥k,,,
1031,3. krek-,krek,,,
1032,4. krē̆k- : krok-,krē̆k : krok,,,
1033,krem-,krem,,,
1034,"1. krep-, kr̥p-",krep kr̥p,,,
1035,2. krep-,krep,,,
1036,1. krēp-,krēp,,,
1037,2. krēp-,krēp,,,
1038,1. kret-,kret,"*kret-, *k̑reth₂-","kret-, k̑reth₂-",
1039,2. kret-,kret,,,
1040,"1. kreu-, kreuə- : krū-, kreus-, krus-",kreu kreuə : krū kreus krus,,,
1041,2. kreu-,kreu,,,
1042,"3. kreu-, krou-s-",kreu krou krous,*kreu̯s-,kreu̯s-,
1043,4. kreu-,kreu,,,
1044,kreup-,kreup,,,
1045,"kreu-t-, kreu-dʰ-?",kreu kreut kreu kreudʰ kreudʰ?,,,
1046,krom-,krom,,,
1047,kr(o)k-sko-,krk krksko krok kroksko,,,
1048,ḱrūs-,ḱrūs,,,
1049,krū̆t-,krū̆t,,,
1050,ḱsā-,ḱsā,,,
1051,"kseip-, kseib-",kseip kseib,?*k(ʷ)su̯ei̯bʰ-{1},k(ʷ)su̯ei̯bʰ-,
1052,"ks-en-, ks-es-, ks-eu-",ks ksen ks kses ks kseu,,,
1053,ḱsē̆-ro-,ḱsē̆ ḱsē̆ro,,,
1054,kseubʰ-,kseubʰ,?*k(ʷ)seu̯bʰ-{1},k(ʷ)seu̯bʰ-,
1055,kseud-,kseud,*k(ʷ)seu̯d-,k(ʷ)seu̯d-,
1056,ḱþei-,ḱþei,*tk̑ei̯-,tk̑ei̯-,
1057,"kþē(i)-, kþə(i)-",kþē kþēi kþə kþəi,,,
1058,"ku-, kus-",ku kus,*k/k̑u̯as-{1},k(')u̯as-,
1059,ḱū-,ḱū,,,
1060,ḱū̆dʰ-,ḱū̆dʰ,,,
1061,kuku,kuku,,,
1062,ḱup-,ḱup,,,
1063,ku̯ak-,ku̯ak,,,
1064,ku̯at(ʰ)-,ku̯at ku̯atʰ,*ku̯ath₂-,ku̯ath₂-,
1065,"1. ḱu̯ei-, ḱu̯ei-no-",ḱu̯ei ḱu̯ei ḱu̯eino,,,
1066,2. ḱu̯ei-,ḱu̯ei,,,
1067,"3. ḱuei-, extended kuei-d-, kuei-s-, kuei-t-",ḱuei kuei kueid kuei kueis kuei kueit,"*k̑u̯ei̯t-, ?*ku̯ei̯t-{1}","k̑u̯ei̯t-, ku̯ei̯t-",
1068,"ḱu̯ek-, nasalized ḱu̯enk- : ḱuk-",ḱu̯ek ḱu̯enk : ḱuk,*k̑u̯enk-{1},k̑u̯enk-,
1069,ḱu̯el-,ḱu̯el,,,
1070,"ku̯elək-, or kelək-, kolək-",ku̯elək or kelək kolək,,,
1071,"1. ku̯elp-, ku̯elb- : ku̯l̥p/b- : klup/b-",ku̯elp ku̯elb : ku̯l̥p/b : klup/b,*kleu̯b-{1},kleu̯b-,
1072,2. ku̯elp-,ku̯elp,*ku̯elp-,ku̯elp-,
1073,ḱu̯en-,ḱu̯en,,,
1074,"ḱu̯endʰ-ro-, -no-",ḱu̯endʰ ḱu̯endʰro no,,,
1075,"ku̯erp-, also ku̯erb-",ku̯erp ku̯erb,*kʷerpH-{1},kʷerpH-,
1076,"ḱu̯es-, ḱus-",ḱu̯es ḱus,*k̑u̯es-{1},k̑u̯es-,
1077,"ku̯ēt-, ku̯ət- : kū̆t-",ku̯ēt ku̯ət : kū̆t,*(s)ku̯eh₁t-,(s)ku̯eh₁t-,
1078,"ku̯oi-, ku̯ī-",ku̯oi ku̯ī,,,
1079,"ḱu̯on-, ḱun-",ḱu̯on ḱun,,,
1080,"ku̯res-, ku̯ers-, ku̯r̥s-",ku̯res ku̯ers ku̯r̥s,,,
1081,kʰa kʰa,kʰa kʰa,,,
1082,kʷalo-s,kʷalo kʷalos,,,
1083,"kʷas-i̯o-, -lo-",kʷas kʷasi̯o lo,,,
1084,1. kʷe,kʷe,,,
1085,2. kʷe-,kʷe,,,
1086,"kʷē̆d-, kʷō̆d-",kʷē̆d kʷō̆d,,,
1087,1. kʷei(-t)-,kʷei kʷei kʷeit,"1.*kʷei̯-{1}, 3.*kʷei̯-, *kʷei̯t-{1}, *kʷei̯s-{1}","kʷei̯-, kʷei̯-, kʷei̯t-, kʷei̯s-",
1088,2. kʷei-,kʷei,2.*kʷei̯-,kʷei̯-,
1089,"kʷei̯ə-, kʷii̯ē-",kʷei̯ə kʷii̯ē,*kʷi̯eh₁-,kʷi̯eh₁-,
1090,"kʷeḱ-, kʷōḱ-, kʷeḱ-s-",kʷeḱ kʷōḱ kʷeḱ kʷeḱs,*kʷek̑-{1},kʷek̑-,
1091,"1. kʷel-, kʷelə-",kʷel kʷelə,"*kʷelh₁-{1}, *kʷels-","kʷelh₁-, kʷels-",
1092,2. kʷel-,kʷel,,,
1093,3. kʷel-,kʷel,,,
1094,kʷem-,kʷem,*kʷem-,kʷem-,
1095,kʷene,kʷene,,,
1096,kʷentʰ-,kʷentʰ,*kʷendʰ-{1},kʷendʰ-,
1097,1. kʷer-,kʷer,*kʷer-,kʷer-,
1098,2. kʷer-,kʷer,,,
1099,kʷeru-,kʷeru,,,
1100,"kʷetu̯er-, kʷetu̯ō̆r-, kʷ<sub>e</sub>tur- (masc.), kʷetes(o)r- (fem.)",kʷetu̯er kʷetu̯ō̆r kʷetur kʷetesr kʷetesor,,,
1101,"kʷo-, kʷe-, fem. kʷā, kʷei-",kʷo kʷe kʷā kʷei,,,
1102,kʷrei-,kʷrei,*kʷrei̯h₂-,kʷrei̯h₂-,
1103,kʷr̥mi-,kʷr̥mi,,,
1104,kʷsep-,kʷsep,,,
1105,kʷþei-,kʷþei,,,
1106,kʷās- : kʷəs-,kʷās : kʷəs,*kʷeh₂s-{1},kʷeh₂s-,
1107,"1. lā-, and lē-",lā lē,"1.*leh₂-{1}, ?*leh₂k-","leh₂-, leh₂k-",
1108,2. lā-,lā,"3.*leh₂-{1}, ?*leh₂dʰ-{1}","leh₂-, leh₂dʰ-",
1109,"lab-, and labʰ-, lap(ʰ)-",lab labʰ lap lapʰ,,,
1110,labʰ-,labʰ,*lembʰ-{1},lembʰ-,
1111,lā̆gʰ-,lā̆gʰ,,,
1112,lāgʷʰ-,lāgʷʰ,,,
1113,lai-,lai,,,
1114,"laidʰ-, lidʰ-",laidʰ lidʰ,,,
1115,laiu̯o-,laiu̯o,,,
1116,"lā[i]p-, ləip-, ləp-",lā[i]p ləip ləp,*leh₂p-,leh₂p-,
1117,lak-,lak,,,
1118,laḱ-,laḱ,,,
1119,laku-,laku,,,
1120,lāmā,lāmā,,,
1121,lāp-,lāp,,,
1122,las-,las,?*las-{1},las-,
1123,lat-,lat,,,
1124,lāu-,lāu,,,
1125,"lauk(o)-, ləuk-",lauk lauko ləuk,,,
1126,lē-,lē,,,
1127,"lē̆b-, lō̆b-, lāb-, l<sub>e</sub>b-",lē̆b lō̆b lāb leb,"*lembH-{1}, ?*sleh₁b-{1}","lembH-, sleh₁b-",
1128,1. leg-,leg,?*leg/g̑-{1},leg(')-,
1129,2. leg-,leg,*h₂leg/g̑-,h₂leg(')-,
1130,leǵ-,leǵ,*leg̑-,leg̑-,
1131,legʰ-,legʰ,*legʰ-,legʰ-,
1132,1. lēǵ(ʰ)- : ləǵ(ʰ)-,lēǵ lēǵʰ : ləǵ ləǵʰ,,,
1133,2. lēǵʰ- : ləǵʰ-,lēǵʰ : ləǵʰ,*leh₁g̑ʰ-{1},leh₁g̑ʰ-,
1134,legʷʰ-,legʷʰ,*h₁lengʷʰ-{1},h₁lengʷʰ-,
1135,"1. lē̆i-, lek-",lē̆i lek,,,
1136,2. lei-,lei,*lei̯h₂-,lei̯h₂-,
1137,3. lei-,lei,"*h₂lei̯H-{1}, 1.*lei̯H-{1}, *slei̯g̑-, ?*slei̯b-{1}, 2.*lei̯t-","h₂lei̯H-, lei̯H-, slei̯g̑-, slei̯b-, lei̯t-",
1138,4. lē̆i-,lē̆i,2.*lei̯H-{1},lei̯H-,
1139,1. lē[i]- : ləi-,lē[i] : ləi,,,
1140,2. lē(i)-,lē lēi,,,
1141,3. lē(i)-,lē lēi,"*leh₁d-{1}, *lei̯d-, *leh₁-{1}","leh₁d-, lei̯d-, leh₁-",
1142,leibʰ-,leibʰ,,,
1143,leid-,leid,,,
1144,"1. leig-, and leik-, better oleig-, oleik-",leig leik oleig oleik,,,
1145,"2. lē̆ig-, līg-",lē̆ig līg,,,
1146,"3. leig-, loig-",leig loig,"*lei̯g/g̑-{1}, *h₁lei̯g̑-","lei̯g(')-, h₁lei̯g̑-",
1147,"4. leig-, leiǵ-",leig leiǵ,*lei̯g̑-{1},lei̯g̑-,
1148,"leiǵʰ-, sleiǵʰ-",leiǵʰ sleiǵʰ,*lei̯g̑ʰ-,lei̯g̑ʰ-,
1149,1. leik-,leik,?*lei̯k-{1},lei̯k-,
1150,2. leik-,leik,,,
1151,leikʷ-,leikʷ,*lei̯kʷ-,lei̯kʷ-,
1152,1. leip-,leip,1.*lei̯p-{1},lei̯p-,
1153,2. leip-,leip,2.*lei̯p-,lei̯p-,
1154,leis-,leis,*lei̯s-,lei̯s-,
1155,1. leit-,leit,,,
1156,2. leit(ʰ)-,leit leitʰ,1.*lei̯t-{1},lei̯t-,
1157,"leizd-, loizd-",leizd loizd,,,
1158,1. lek-? : lok-,lek lek? : lok,,,
1159,"2. lek- : l<sub>e</sub>k-, and lēk- : lək-",lek : lek lēk : lək,?*lek-{1},lek-,
1160,1. lēk- : lək-,lēk : lək,,,
1161,2. lēk- : lək-,lēk : lək,,,
1162,1. lem-,lem,*lemH-{1},lemH-,
1163,2. lem-,lem,,,
1164,1. lendʰ-,lendʰ,,,
1165,2. lendʰ-,lendʰ,*lendʰ-{1},lendʰ-,
1166,3. lendʰ-,lendʰ,,,
1167,leng-,leng,,,
1168,lengʰ-,lengʰ,*h₁leng/g̑ʰ-,h₁leng(')ʰ-,
1169,lenk-,lenk,?*lenk-{1},lenk-,
1170,lento-,lento,,,
1171,1. lep-,lep,,,
1172,2. lep-,lep,*lep-{1},lep-,
1173,3. lep-,lep,,,
1174,"lēp-, lōp-, ləp-",lēp lōp ləp,,,
1175,lerd-,lerd,,,
1176,lerg-,lerg,,,
1177,les-,les,*les-,les-,
1178,lēs : ləs-,lēs : ləs,,,
1179,"leto-, lēti-, lēto-, lōto-",leto lēti lēto lōto,,,
1180,"lēto-, ləto-",lēto ləto,,,
1181,letro-,letro,,,
1182,"1. leu-, *leu̯ə- : lū̆-",leu *leu̯ə : lū̆,*leu̯-{1},leu̯-,
1183,2. leu-,leu,*leu̯H-{1},leu̯H-,
1184,1. lēu-,lēu,*leh₁-{1},leh₁-,
1185,2. lēu- : ləu-,lēu : ləu,,,
1186,"3. lēu-, or lāu-",lēu or lāu,,,
1187,leubʰ-,leubʰ,*leu̯bʰ-,leu̯bʰ-,
1188,leud-,leud,?*leu̯d-{1},leu̯d-,
1189,1. leudʰ-,leudʰ,*h₁leu̯dʰ-{1},h₁leu̯dʰ-,
1190,2. leu-dʰ-,leu leudʰ,,,
1191,1. leug-,leug,2.*leu̯g/g̑-,leu̯g(')-,
1192,2. leu-g- : lu-g- : lū-g-,leu leug : lu lug : lū lūg,,,
1193,leuǵ-,leuǵ,1.*leu̯g-,leu̯g-,
1194,1. leugʰ-,leugʰ,?*leu̯gʰ-{1},leu̯gʰ-,
1195,"2. leugʰ-, lugʰ-",leugʰ lugʰ,,,
1196,leuk-,leuk,"*leu̯k-, ?*leu̯t-{1}","leu̯k-, leu̯t-",
1197,"leup-, and leub-, leubʰ-",leup leub leubʰ,?*leu̯p-{1},leu̯p-,
1198,lēut- : lūt-,lēut : lūt,,,
1199,lī̆-no-,lī̆ lī̆no,,,
1200,loǵ-,loǵ,,,
1201,"lorgā-, lorgi-",lorgā lorgi,,,
1202,"lou-, lou̯ə-",lou lou̯ə,"*leu̯h₃-{1}, ?2.*leh₂-{1}","leu̯h₃-, leh₂-",
1203,"lū̆s, genitive luu̯-ós",lū̆s luu̯ luu̯ós,,,
1204,1. mā-,mā,"*meh₂-, *mes-{1}","meh₂-, mes-",
1205,2. mā-,mā,,,
1206,3. mā,mā,,,
1207,mad-,mad,"*mad-{1}, *masd-{1}, 2.*med-{1}","mad-, masd-, med-",
1208,magʰ- : māgʰ-,magʰ : māgʰ,*magʰ-{1},magʰ-,
1209,magʰos,magʰos,,,
1210,maǵ-,maǵ,*mag̑-{1},mag̑-,
1211,maǵʰ-,maǵʰ,*magʰ-{1},magʰ-,
1212,1. mai-,mai,,,
1213,"2. mai-, moi-?",mai moi moi?,,,
1214,mak-,mak,,,
1215,1. mā̆k-,mā̆k,,,
1216,2. māk-,māk,,,
1217,mā̆k(en)-,mā̆k mā̆ken,,,
1218,"maḱo-, or moḱ-o-",maḱo or moḱ moḱo,,,
1219,māḱ- : məḱ-,māḱ : məḱ,,,
1220,makʰ-o-s,makʰ makʰo makʰos,,,
1221,mand-,mand,,,
1222,"mā-no-, mā-ni-",mā māno mā māni,,,
1223,"manu-s, or monu-s",manu manus or monu monus,,,
1224,marko-,marko,,,
1225,"1. matʰ-, or motʰ-",matʰ or motʰ,,,
1226,2. mat-,mat,,,
1227,mātér-,mātér,,,
1228,mau-ro-,mau mauro,,,
1229,mazdo-s,mazdo mazdos,,,
1230,1. me-,me,,,
1231,2. me-,me,,,
1232,1. mē-,mē,,,
1233,"2. mē-, m-e-t-",mē m me met,"*h₂meh₁-, ?1.*met-{1}","h₂meh₁-, met-",
1234,"3. mē-, m-e-t-",mē m me met,"*meh₁-{1}, ?2.*met-{1}","meh₁-, met-",
1235,"4. mē-, mō-",mē mō,,,
1236,"5. mē-, mō-, mə-",mē mō mə,,,
1237,1. med-,med,1.*med-{1},med-,
1238,2. med-,med,2.*med-{1},med-,
1239,"medʰi-, medʰi̯o-",medʰi medʰi̯o,,,
1240,médʰu,médʰu,,,
1241,mē̆gʰ-,mē̆gʰ,,,
1242,meǵ(ʰ)- : m<sub>e</sub>ǵ(ʰ)-,meǵ meǵʰ : meǵ meǵʰ,,,
1243,1. mei-,mei,1.*mei̯-{1},mei̯-,
1244,2. mei-,mei,2.*mei̯-{1},mei̯-,
1245,3. mei-,mei,,,
1246,4. mei-,mei,,,
1247,"5. mei-, mi-neu-",mei mi mineu,1.*mei̯H-{1},mei̯H-,
1248,"6. mei-, mei̯u-, min(u)-, mim(ei)-",mei mei̯u min minu mim mimei,,,
1249,7. mēi- : mōi- : mī-,mēi : mōi : mī,2.*mei̯H-{1},mei̯H-,
1250,"meigʰ-, also meik-",meigʰ meik,"*mei̯g(ʷ)ʰ-, ?*mei̯k/k̑h₂-","mei̯g(ʷ)ʰ-, mei̯k/k̑h₂-",
1251,meiǵʰ-,meiǵʰ,*h₃mei̯g̑ʰ-,h₃mei̯g̑ʰ-,
1252,mei-gʷ-,mei meigʷ,*h₂mei̯gʷ-{1},h₂mei̯gʷ-,
1253,"mei-ḱ-, and mei-ǵ-?",mei meiḱ mei meiǵ meiǵ?,*mei̯k̑-{1},mei̯k̑-,
1254,mei-no-,mei meino,,,
1255,meis-,meis,?*mei̯s-{1},mei̯s-,
1256,1. meit(ʰ)-,meit meitʰ,,,
1257,2. mei-t(ʰ)-,mei meit mei meitʰ,*mei̯th₂-,mei̯th₂-,
1258,mek-,mek,,,
1259,"1. mel-, also smel-, melə- : mlē-, mel-d- : ml-ed-, mel-dʰ-, ml-ēi- : mlī̆-, melə-k- : mlā-k-, mlēu- : mlū̆-",mel smel melə : mlē mel meld : ml mled mel meldʰ ml mlēi : mlī̆ melə melək : mlā mlāk mlēu : mlū̆,"*melh₂-{1}, ?*melh₂u̯-{1}, *meld-{1}, 1.*meldʰ-{1}, ?*melk(ʷ)-{1}","melh₂-, melh₂u̯-, meld-, meldʰ-, melk(ʷ)-",
1260,2. mel-,mel,,,
1261,3. mel-,mel,,,
1262,4. mel-,mel,,,
1263,5. mel-,mel,,,
1264,"6. mel-, melə-",mel melə,,,
1265,7. mel-,mel,,,
1266,"8. mel-, melə- : mlō-",mel melə : mlō,*melh₃-,melh₃-,
1267,1. meldʰ-,meldʰ,2.*meldʰ-,meldʰ-,
1268,2. meldʰ-,meldʰ,,,
1269,"mē̆lǵ-, or meləǵ-?",mē̆lǵ or meləǵ meləǵ?,*h₂melg̑-,h₂melg̑-,
1270,melǵʰ-,melǵʰ,,,
1271,"meli-t, genitive mel-nés",meli melit mel melnés,,,
1272,1. melk-,melk,*Hmelk̑-{1},Hmelk̑-,
1273,"2. melk-, melg-",melk melg,,,
1274,"mēlo-, smēlo-",mēlo smēlo,,,
1275,"melōdʰ-, molədʰ-, m<sub>o</sub>lədʰ-",melōdʰ molədʰ molədʰ,,,
1276,mels-,mels,,,
1277,membʰ-,membʰ,,,
1278,"mēmso-, mē(m)s-ro-",mēmso mēs mēsro mēms mēmsro,,,
1279,1. men-,men,?3.*men-{1},men-,
1280,2. men-,men,*menH-,menH-,
1281,3. men-,men,"1.*men-, *mneh₂-{1}","men-, mneh₂-",
1282,4. men-,men,,,
1283,5. men-,men,2.*men-,men-,
1284,"mend-, mond-, mn̥d-?",mend mond mn̥d mn̥d?,,,
1285,mendā,mendā,,,
1286,mendʰ-,mendʰ,,,
1287,"men(e)gʰ-, mon(e)gʰ-, mn̥gʰ-",mengʰ menegʰ mongʰ monegʰ mn̥gʰ,,,
1288,men(ə)k-,menk menək,*menk-{1},menk-,
1289,meng-,meng,,,
1290,m<sub>e</sub>ni-,meni,,,
1291,"mēnōt, genitive mēneses, from wʰicʰ mēnes-, mēns-, mēs-, mēn-",mēnōt mēneses wʰicʰ mēnes mēns mēs mēn,,,
1292,"1. mentʰ-, metʰ-",mentʰ metʰ,*menth₂-,menth₂-,
1293,2. mentʰ-,mentʰ,*meth₂-{1},meth₂-,
1294,1. mer-,mer,,,
1295,2. mer-,mer,,,
1296,"3. mer-, mor-(u-)",mer mor mor mor moru moru,,,
1297,"4. mer-, merə-",mer merə,*mer-,mer-,
1298,"5. mer-, merə-",mer merə,"*merh₂-, *h₂merd-, *melkʷ-{1}","merh₂-, h₂merd-, melkʷ-",
1299,"6. mer-, mer-s-",mer mer mers,*mers-{1},mers-,
1300,"merədʰ-, mrādʰ-",merədʰ mrādʰ,,,
1301,mereǵ-,mereǵ,,,
1302,meregʰ-,meregʰ,,,
1303,1. merǵ-,merǵ,*h₂merg̑-{0},h₂merg̑-,
1304,2. merǵ-,merǵ,,,
1305,meri̯o-,meri̯o,,,
1306,merḱ-,merḱ,,,
1307,"1. merk-, merǵ-, merək-, merəǵ-",merk merǵ merək merəǵ,,,
1308,"2. merk-, mork-",merk mork,,,
1309,"mə-r, genitive mə-n-és, mn̥tós",mə mər mə mən mənés mn̥tós,,,
1310,met-,met,,,
1311,"1. meu-, meu̯ə- : mū̆-",meu meu̯ə : mū̆,*meu̯d-{1},meu̯d-,
1312,"2. meu̯-, meu̯ə-",meu̯ meu̯ə,"*mi̯eu̯h₁-{1}, *meu̯sH-","mi̯eu̯h₁-, meu̯sH-",
1313,"mēudʰ-, məudʰ-, mūdʰ-",mēudʰ məudʰ mūdʰ,,,
1314,1. meug-,meug,,,
1315,"2. meug-, meuk-",meug meuk,"*meu̯k-, ?*smeu̯k-{1}","meu̯k-, smeu̯k-",
1316,meuḱ-,meuḱ,,,
1317,meu-s-,meu meus,,,
1318,1. mezg-,mezg,*mesg-{1},mesg-,
1319,2. mezg-,mezg,,,
1320,mizdʰó-,mizdʰó,,,
1321,"mō-, mo-lo-",mō mo molo,*meh₃-{1},meh₃-,
1322,"mōd- : məd-, or mād- : məd-",mōd : məd or mād : məd,,,
1323,"modʰro-, or madʰro-",modʰro or madʰro,,,
1324,"moiso-s, or maiso-s",moiso moisos or maiso maisos,,,
1325,"moḱs, Indo-Iranian *moḱsū̆",moḱs *moḱsū̆,,,
1326,molko-,molko,,,
1327,mono-,mono,,,
1328,"mori, mōri",mori mōri,,,
1329,"mormor-, murmur-",mormor murmur,,,
1330,mormo(ro)-,mormo mormoro,,,
1331,moro-,moro,,,
1332,moru̯ī̆-,moru̯ī̆,,,
1333,mo[u]-lo- : mū-lo-,mo[u] mo[u]lo : mū mūlo,,,
1334,mō[u]-ro- : mū-ro-,mō[u] mō[u]ro : mū mūro,,,
1335,"moz-g-o-, moz-g-en-, mos-k-o-",moz mozg mozgo moz mozg mozgen mos mosk mosko,,,
1336,mozǵʰo-s,mozǵʰo mozǵʰos,,,
1337,mrk-,mrk,,,
1338,mregʰ-m(n)o-,mregʰ mregʰmo mregʰ mregʰmno,,,
1339,"mreǵʰu-, mr̥ǵʰu-",mreǵʰu mr̥ǵʰu,,,
1340,1. mū̆-,mū̆,?*meu̯s-{1},meu̯s-,
1341,"2. mū-, mus-",mū mus,,,
1342,mū̆k-,mū̆k,,,
1343,mūs,mūs,,,
1344,mut-o-s,mut muto mutos,,,
1345,1. nā-,nā,*h₃neh₂-,h₃neh₂-,
1346,2. nā-,nā,*neh₂-{1},neh₂-,
1347,nāgʷʰ-,nāgʷʰ,,,
1348,nak-,nak,,,
1349,"nana, nena",nana nena,,,
1350,nant-,nant,,,
1351,nas-,nas,,,
1352,1. nāus-,nāus,,,
1353,2. nāu- : nəu- : nū-,nāu : nəu : nū,,,
1354,"1. nĕ, nē, nei",nĕ nē nei,,,
1355,"2. ne, nē",ne nē,,,
1356,"3. ne-, nō-, plural nē̆s-, nō̆s-",ne nō nē̆s nō̆s,,,
1357,1. nebʰ-,nebʰ,?2.*nebʰ-{1},nebʰ-,
1358,2. nebʰ-,nebʰ,,,
1359,1. ned- : n<sub>e</sub>d-,ned : ned,*Hnedʰ-{1},Hnedʰ-,
1360,2. ned-,ned,?*ned-{1},ned-,
1361,nedo-,nedo,,,
1362,neǵʰ-,neǵʰ,?*h₁neg̑ʰ-{1},h₁neg̑ʰ-,
1363,"1. nei-, neiə- : nī-",nei neiə : nī,*nei̯H-{1},nei̯H-,
1364,"2. nei-, neiə-, nī-",nei neiə nī,,,
1365,"3. nei-, ni-",nei ni,,,
1366,1. neid-,neid,*h₃nei̯d-,h₃nei̯d-,
1367,2. neid- : nid-,neid : nid,?*nei̯d-{1},nei̯d-,
1368,neigʷ-,neigʷ,*nei̯gʷ-,nei̯gʷ-,
1369,neik-,neik,,,
1370,nēik- : nīk- : nik-,nēik : nīk : nik,,,
1371,neḱ-,neḱ,*nek̑-,nek̑-,
1372,"nekʷ-(t-), nokʷ-t-s",nekʷ nekʷ nekʷ nekʷt nekʷt nokʷ nokʷt nokʷts,*negʷ-{1},negʷ-,
1373,1. nem-,nem,1.*nem-,nem-,
1374,2. nem-,nem,2.*nem-,nem-,
1375,nepōt-,nepōt,,,
1376,"1. ner(-t)-, aner-, əner-?",ner ner nert aner əner əner?,,,
1377,2. ner-,ner,,,
1378,3. ner-,ner,?*nerH-{1},nerH-,
1379,nes-,nes,*nes-,nes-,
1380,"ni-, nei-",ni nei,,,
1381,"nē-tr-, nə-tr-",nē nētr nə nətr,,,
1382,1. neu-,neu,*neu̯H-{1},neu̯H-,
1383,2. neu-,neu,"*neu̯-, ?2.*neu̯d-{1}","neu̯-, neu̯d-",
1384,neu-d-,neu neud,?1.*neu̯d-{1},neu̯d-,
1385,neu-dʰ-,neu neudʰ,,,
1386,neuk-,neuk,,,
1387,"neu-ks-, neu-s-",neu neuks neu neus,,,
1388,"neu̯os, neu̯i̯os",neu̯os neu̯i̯os,,,
1389,niz-do-,niz nizdo,,,
1390,no-,no,,,
1391,"nogʷ-, nogʷod(ʰ)o-, nogʷ-no-",nogʷ nogʷodo nogʷodʰo nogʷ nogʷno,,,
1392,"nogʷo-, or nagʷo-",nogʷo or nagʷo,,,
1393,nokʷ-(t-),nokʷ nokʷ nokʷ nokʷt nokʷt,,,
1394,nōmn̥,nōmn̥,,,
1395,"nōt-, nət-",nōt nət,,,
1396,nū̆-,nū̆,,,
1397,"n̥dʰos, n̥dʰeri",n̥dʰos n̥dʰeri,,,
1398,n̥si-,n̥si,,,
1399,n̥si-s,n̥si n̥sis,,,
1400,1. o,o,,,
1401,2. ō,ō,,,
1402,obʰel-,obʰel,,,
1403,obʰi-,obʰi,,,
1404,1. od-,od,1.*h₃ed-,h₃ed-,
1405,2. od-,od,2.*h₃ed-{1},h₃ed-,
1406,"ō̆d(e)go-, or ō̆d(e)gʷo-",ō̆dgo ō̆dego or ō̆dgʷo ō̆degʷo,,,
1407,"ōg-, əg-",ōg əg,,,
1408,oi-,oi,,,
1409,oid-,oid,*h₂ei̯d-{1},h₂ei̯d-,
1410,"oi-no-, oi-u̯o-",oi oino oi oiu̯o,,,
1411,oiu̯ā,oiu̯ā,,,
1412,ok-,ok,,,
1413,oḱtō(u),oḱtō oḱtōu,,,
1414,ōḱú-s,ōḱú ōḱús,,,
1415,okʷ-,okʷ,*h₃ekʷ-,h₃ekʷ-,
1416,ol-(e-),ol ol ol ole ole,*h₃elh₁-,h₃elh₁-,
1417,om-,om,,,
1418,om(e)so-s,omso omsos omeso omesos,,,
1419,omə-,omə,*h₂emh₃-{1},h₂emh₃-,
1420,"ond-, n̥d-",ond n̥d,,,
1421,oner-,oner,,,
1422,"ong-, better ang-",ong ang,,,
1423,ongʷ-,ongʷ,*h₂engʷ-{0},h₂engʷ-,
1424,"ono-, and onə-, also (o)no-d-",ono onə no nod ono onod,*h₂neh₃-{1},h₂neh₃-,
1425,"onogʰ- : ongʰ-, nogʰ-, Celtic n̥gʰ-, ongʰ-li-",onogʰ : ongʰ nogʰ n̥gʰ ongʰ ongʰli,,,
1426,1. op-,op,1.*h₃ep-{1},h₃ep-,
1427,2. op-,op,?2.*h₃ep-,h₃ep-,
1428,opi,opi,,,
1429,"ōr-, ər-",ōr ər,?3.*h₂er-{1},h₂er-,
1430,orbʰo-,orbʰo,,,
1431,"oreu̯-, <sub>e</sub>reu-",oreu̯ ereu,,,
1432,"orǵʰi-, r̥ǵʰi-",orǵʰi r̥ǵʰi,,,
1433,org-,org,,,
1434,ort-,ort,,,
1435,"*ōs, ōs-i-s, ō̆s-en-, os-k-",*ōs ōs ōsi ōsis ō̆s ō̆sen os osk,,,
1436,"ost(ʰ)-, ost(ʰ)i, ost(ʰ)r̥(g), oblique ost(ʰ)-(e)n-",ost ostʰ osti ostʰi ostr̥ ostr̥g ostʰr̥ ostʰr̥g ost ostn ost osten ostʰ ostʰn ostʰ ostʰen,,,
1437,"oug-, ou-?",oug ou ou?,,,
1438,ō(u̯)i̯-om,ōi̯ ōi̯om ōu̯i̯ ōu̯i̯om,,,
1439,óu̯i-s,óu̯i óu̯is,,,
1440,1. ōus- : əus-,ōus : əus,,,
1441,2. ōus- : əus- : us-,ōus : əus : us,,,
1442,ozdo-s,ozdo ozdos,,,
1443,ozgʰo-,ozgʰo,,,
1444,"pā- : pə-, and pā-t- : pə-t-",pā : pə pā pāt : pə pət,*peh₂(i̯)-{1},peh₂(i̯)-,
1445,"pā̆ḱ-, and pā̆ǵ-",pā̆ḱ pā̆ǵ,"*peh₂g̑-{1}, *peh₂k̑-","peh₂g̑-, peh₂k̑-",
1446,pā̆n-,pā̆n,,,
1447,pando-s,pando pandos,,,
1448,"pank-, pang-",pank pang,,,
1449,pap(p)a,papa pappa,,,
1450,pā̆r-,pā̆r,,,
1451,parīkā,parīkā,,,
1452,pāsó-s,pāsó pāsós,,,
1453,pasto-,pasto,,,
1454,paus-,paus,?*peh₂u̯-{1},peh₂u̯-,
1455,"pāuson-, pūson-",pāuson pūson,,,
1456,"1. pē̆d-, pō̆d-",pē̆d pō̆d,,,
1457,"2. pē̆d-, pō̆d-",pē̆d pō̆d,*ped-,ped-,
1458,"peg- : pog- : pōg-, pō̆k-s-",peg : pog : pōg pō̆k pō̆ks,,,
1459,"pē(i)-, pī-",pē pēi pī,*peh₁i̯-{1},peh₁i̯-,
1460,"pei̯(ə)-, pī̆-",pei̯ pei̯ə pī̆,1.*pei̯H-{1},pei̯H-,
1461,"1. peig-, and peik-",peig peik,"1.*pei̯g-{1}, *pei̯k̑-{1}","pei̯g-, pei̯k̑-",
1462,"2. peiǵ-, and peiḱ-",peiǵ peiḱ,?2.*pei̯g/g̑i-{1},pei̯g(')-,
1463,pei-m(i)-,pei peim pei peimi,,,
1464,1. peis-? : pis-,peis peis? : pis,*pei̯s-,pei̯s-,
1465,"2. peis-, speis-",peis speis,,,
1466,"peisk-, pisk-",peisk pisk,,,
1467,"1. peḱ-, pēḱ-, pōḱ-",peḱ pēḱ pōḱ,?2.*pek̑-,pek̑-,
1468,2. peḱ-,peḱ,1.*pek̑-,pek̑-,
1469,pekʷ-,pekʷ,"1.*pekʷ-, 2.*pekʷ-{1}","pekʷ-, pekʷ-",
1470,"1. pel-, pelə-, plē-",pel pelə plē,*pleh₁-{1},pleh₁-,
1471,"2a. pel-, pelə- : plā-",2a. pel pelə : plā,"*pelh₁-{1}, *pelh₂-","pelh₁-, pelh₂-",
1472,"2b. pel-, pel-en-, pel-t-, pel-u̯-",2b. pel pel pelen pel pelt pel pelu̯,,,
1473,3a. pel-,3a. pel,,,
1474,"3b. pel-, pelə-, plē-",3b. pel pelə plē,?*pelk-{1},pelk-,
1475,4. pel-,pel,?*pel-{1},,
1476,5. pel-,pel,,,
1477,6. pel-,pel,,,
1478,"7. pel-, pol-, plē-, plō̆-",pel pol plē plō̆,?*pel-{1},pel-,
1479,"pelə-, plā-",pelə plā,,,
1480,"peli-s-, pel-s-",peli pelis pel pels,,,
1481,pelḱ- : polḱ-,pelḱ : polḱ,,,
1482,"pelpo-, or polpo-",pelpo or polpo,,,
1483,1. pen-,pen,*pen-{1},pen-,
1484,"2. pen-, pen-ko-",pen pen penko,,,
1485,penkʷe,penkʷe,,,
1486,pent-,pent,*pent-{1},pent-,
1487,"1. per-, perə- : prē-, preu-",per perə : prē preu,"*preh₁-, *preu̯s-, ?*preu̯th₂-{1}","preh₁-, preu̯s-, preu̯th₂-",
1488,2a. per-,2a. per,,,
1489,"2b. per-, perə-",2b. per perə,"1.*per-, 2.*(s)per-{1}","per-, (s)per-",
1490,"2c. per-, perə-",2c. per perə,"*perh₂-, *perh₃-","perh₂-, perh₃-",
1491,2d. per-,2d. per,,,
1492,2e. per-,2e. per,,,
1493,"3. per-, per-g-",per per perg,"3.*per-, ?*pert-{1}","per-, pert-",
1494,perd-,perd,*perd-,perd-,
1495,1. perg-,perg,,,
1496,2. perg-,perg,*preK-{1},preK-,
1497,"1. perk-, prek-",perk prek,*perk-{1},perk-,
1498,2. perk- : pr̥k-,perk : pr̥k,,,
1499,1. perḱ-,perḱ,,,
1500,"2. perḱ-, preḱ-",perḱ preḱ,,,
1501,"3. perḱ-, pr̥ḱ-",perḱ pr̥ḱ,*perk̑-{1},perk̑-,
1502,"4. perḱ-, preḱ-, pr̥ḱ-",perḱ preḱ pr̥ḱ,*prek̑-{1},prek̑-,
1503,perkʷu-s,perkʷu perkʷus,,,
1504,pers-,pers,*pres-{1},pres-,
1505,"persnā, persnī̆-, persno-",persnā persnī̆ persno,,,
1506,pertʰ-,pertʰ,,,
1507,1. pē̆s-,pē̆s,,,
1508,"2. pēs-, nasalized pēns-",pēs pēns,,,
1509,"3. pes-, pesos",pes pesos,,,
1510,"1. pet-, p<sub>e</sub>t-, petə-",pet pet petə,1.*peth₂-{1},peth₂-,
1511,"2. pet-, petə- : ptē-, ptō-, Hellenic ptā-",pet petə : ptē ptō Hellenic ptā,"*peth₁-{1}, 2.*peth₂-, *pteh₂k-{1}","peth₁-, peth₂-, pteh₂k-",
1512,"1. peu-, peu̯ə- : pū̆-",peu peu̯ə : pū̆,1.*peu̯H-,peu̯H-,
1513,2. peu-,peu,,,
1514,3. peu-,peu,,,
1515,pēu- : pəu- : pū̆-,pēu : pəu : pū̆,,,
1516,"peuḱ-, and peuǵ-",peuḱ peuǵ,*peu̯g/g̑-{1},peu̯g(')-,
1517,peu̯ə-,peu̯ə,,,
1518,"peu̯ōr, pū̆r, genitive pu-n-és, locative puu̯éni",peu̯ōr pū̆r pu pun punés puu̯éni,,,
1519,pezd-,pezd,*pesd-{1},pesd-,
1520,"pətḗ(r), genitive pətr-és",pətḗ pətḗr pətr pətrés,,,
1521,pid-,pid,,,
1522,pik(ʰ)o-,piko pikʰo,,,
1523,pi-lo-,pi pilo,,,
1524,pi-n-,pi pin,,,
1525,pī̆p(p)-,pī̆p pī̆pp,,,
1526,pīzdā-,pīzdā,,,
1527,plab-,plab,,,
1528,"1. plā-k- : plə-k-, ple-k- : plō̆-k-, plei-k-, and pelə-g- : plā-g- : plə-g-",plā plāk : plə plək ple plek : plō̆ plō̆k plei pleik pelə peləg : plā plāg : plə pləg,"?*pleh₃k-{1}, ?*pleh₂k-{1}","pleh₃k-, pleh₂k-",
1529,"2. plāk-, plāg-, also plēk-, plēg-",plāk plāg plēk plēg,"?*pleh₂k-{1}, *pleh₂g-{1}","?*pleh₂k-{1}, pleh₂g-",
1530,"plā̆t-, plā̆d-, plē̆t-, plō̆t-, plət-",plā̆t plā̆d plē̆t plō̆t plət,*pleth₂-{1},pleth₂-,
1531,"plē-, plə-",plē plə,,,
1532,"plēi-, pləi-, plī-",plēi pləi plī,,,
1533,pleḱ-,pleḱ,*plek̑-{1},plek̑-,
1534,"plēḱ-, pləḱ-, and plēiḱ-, plīḱ-",plēḱ pləḱ plēiḱ plīḱ,*pleh₁k̑-{1},pleh₁k̑-,
1535,pleu-,pleu,"*pleu̯-{0}, *pleh₃-{1}, ?*pleu̯k-{1}, ?*pleu̯d-{1}","pleu̯-, pleh₃-, pleu̯k-, pleu̯d-",
1536,pleuk-,pleuk,,,
1537,"pl(e)u-mon-, pleu-ti̯o-",plu plumon pleu pleumon pleu pleuti̯o,,,
1538,pleus-,pleus,,,
1539,"pləi-, pləu-",pləi pləu,,,
1540,"plouto-, pluto-",plouto pluto,,,
1541,pneu-,pneu,"?*pneu̯-{1}, *pneu̯H-{1}","pneu̯-, pneu̯H-",
1542,pn̥ksti-,pn̥ksti,,,
1543,1. pō(i)- : pəi-? : pī-,pō pōi : pəi pəi? : pī,,,
1544,"2. pō(i)- : pī-, and (from pō-), p<sub>o</sub>-",pō pōi : pī pō pō) po,*peh₃(i̯)-{0},peh₃(i̯)-,
1545,polo- : pōlo-,polo : pōlo,,,
1546,porḱo-s,porḱo porḱos,,,
1547,pos,pos,,,
1548,po-ti,po poti,,,
1549,poti-s,poti potis,,,
1550,pōu- : pəu- : pū̆-,pōu : pəu : pū̆,,,
1551,"pougo-, or pougʰo-",pougo or pougʰo,,,
1552,prā-,prā,,,
1553,"prāi-, prəi-, prī-, pri-",prāi prəi prī pri,*prei̯H-{1},prei̯H-,
1554,preg-,preg,,,
1555,prep-,prep,*prep-{1},prep-,
1556,"pret-, prō̆t-",pret prō̆t,?*pret-{1},pret-,
1557,preu-,preu,*preu̯-{1},preu̯-,
1558,preus-,preus,,,
1559,prīs-,prīs,,,
1560,prō̆-,prō̆,,,
1561,prōḱto- : prəḱto-,prōḱto : prəḱto,,,
1562,pr̥so-,pr̥so,,,
1563,"pster-, pstereu-",pster pstereu,*pster-{1},pster-,
1564,ptel(e)i̯ā,pteli̯ā ptelei̯ā,,,
1565,"1. pū̆-, peu-, pou-, also pʰu-",pū̆ peu pou pʰu,"?*peu̯k-{1}, ?*peu̯t-{1}, ?*h₃peu̯s-{1}","peu̯k-, peu̯t-, h₃peu̯s-",
1566,2. pū̆- : peu̯ə-,pū̆ : peu̯ə,2.*peu̯H-{1},peu̯H-,
1567,3. pū̆-,pū̆,,,
1568,"1. pū̆k-, peuk-",pū̆k peuk,,,
1569,2. puḱ-,puḱ,,,
1570,pu-lo-,pu pulo,,,
1571,pū-ro-,pū pūro,,,
1572,pʰel-,pʰel,,,
1573,pʰer-,pʰer,,,
1574,pʰō̆l-,pʰō̆l,?*peh₃lH-{1},peh₃lH-,
1575,pʰu-,pʰu,,,
1576,"rabʰ-, or rebʰ- : r<sub>e</sub>bʰ-",rabʰ or rebʰ : rebʰ,1.*rebʰ-{0},rebʰ-,
1577,"rāp-, rēp-",rāp rēp,,,
1578,rā̆s-,rā̆s,,,
1579,"1. rē-, rə-, extended rē-dʰ-",rē rə rē rēdʰ,,,
1580,"2. rē̆-, extended rē-dʰ-",rē̆ rē rēdʰ,,,
1581,3. rē-,rē,,,
1582,4. rē-,rē,,,
1583,5. rē-,rē,,,
1584,6. rē-,rē,,,
1585,1. rebʰ-,rebʰ,1.*rebʰ-{0},rebʰ-,
1586,2. rebʰ-,rebʰ,?2.*(h₁)rebʰ-{1},(h₁)rebʰ-,
1587,"red-, rod-",red rod,,,
1588,1. rēd-,rēd,,,
1589,2. rēd- : rōd- : rəd-,rēd : rōd : rəd,"?*Red-{1}, ?*rasd-{1}","Led-, rasd-",
1590,"1. reg-, and sreg-?",reg sreg sreg?,*(s)reg/g̑-{1},(s)reg(')-,
1591,2. reg-,reg,,,
1592,1. reǵ-,reǵ,"*h₃reg̑-{1}, *regʰ-{1}, *h₂reh₁g/g̑-{1}","h₃reg̑-, regʰ-, h₂reh₁g(')-",
1593,"2. reǵ-, reḱ-, rek-?",reǵ reḱ rek rek?,?*reg̑-{1},reg̑-,
1594,regʷos-,regʷos,,,
1595,1. rei-,rei,"*(h₁)rei̯p-{0}, *(h₁)rei̯k̑-{0}, *rei̯k(ʷ)h₂-{1}, ?*rei̯s-{1}","(h₁)rei̯p-, (h₁)rei̯k̑-, rei̯k(ʷ)h₂-, rei̯s-",
1596,"2. rei-, roi-",rei roi,,,
1597,"3. rei-, rē(i)-",rei rē rēi,?*reh₂(i̯)-{1},reh₂(i̯)-,
1598,4. rei- : rēi-,rei : rēi,1.*reh₁-{1},reh₁-,
1599,5. rei-,rei,,,
1600,1. rēi- : rī-,rēi : rī,,,
1601,"2. rēi-, rōi-",rēi rōi,,,
1602,reibʰ-,reibʰ,?*Rei̯bʰ-{1},Lei̯bʰ-,
1603,reid-,reid,?*(h₁)rei̯d-{1},(h₁)rei̯d-,
1604,reidʰ-,reidʰ,*rei̯dʰ-,rei̯dʰ-,
1605,"reig-, or reiǵ-",reig or reiǵ,*rei̯g/g̑-{1},rei̯g(')-,
1606,"reiǵ-, rēiǵ-",reiǵ rēiǵ,,,
1607,"rei̯ə-, rī-",rei̯ə rī,,,
1608,reik-,reik,,,
1609,rei-r(ēi)-,rei reir rei reirēi,,,
1610,"rēito-, rēiti-",rēito rēiti,,,
1611,1. rek-,rek,,,
1612,2. rē̆k-,rē̆k,*rek-{1},rek-,
1613,"reḱ-, reǵ-",reḱ reǵ,,,
1614,reḱþʰ-,reḱþʰ,*(h₁)rek̑s-{1},(h₁)rek̑s-,
1615,"rem-, remə-",rem remə,*h₁rem-{1},h₁rem-,
1616,"remb-, romb-, r<sub>o</sub>mb-",remb romb romb,,,
1617,rendʰ-,rendʰ,,,
1618,rent-,rent,,,
1619,rep-,rep,*(h₁)rep-{0},(h₁)rep-,
1620,"1. rēp-, rep-?",rēp rep rep?,?*reh₁p-{1},reh₁p-,
1621,"2. rēp-, rəp-",rēp rəp,,,
1622,"rēs-, rōs-",rēs rōs,,,
1623,ret(ʰ)-,ret retʰ,*ret-{1},ret-,
1624,"rēt-, rōt-, rət-",rēt rōt rət,,,
1625,"1. reu-, rēu-, rū̆-",reu rēu rū̆,"*h₃reu̯H-{1}, *reu̯dH-{1}, ?2.*reu̯dʰ-{1}, *h₃reu̯k-, *reu̯p-, *reu̯s-{1}","h₃reu̯H-, reu̯dH-, reu̯dʰ-, h₃reu̯k-, reu̯p-, reu̯s-",
1626,"2. reu-, reu̯ə- : rū̆-",reu reu̯ə : rū̆,*reu̯H-{1},reu̯H-,
1627,"3. reu-, reu-s-",reu reu reus,,,
1628,4. reu-,reu,,,
1629,"reu-b-, and reu-g-",reu reub reu reug,*(h₁)reu̯g-{0},(h₁)reu̯g-,
1630,reudʰ-,reudʰ,1.*(h₁)reu̯dʰ-{1},(h₁)reu̯dʰ-,
1631,reugʰ-m(e)n-,reugʰ reugʰmn reugʰ reugʰmen,,,
1632,reus-,reus,,,
1633,reu-smen-,reu reusmen,,,
1634,"reuto-, routo-, rut-",reuto routo rut,,,
1635,reu̯ə- : rū-,reu̯ə : rū,*reu̯h₁-{1},reu̯h₁-,
1636,rezg-,rezg,*resg-{1},resg-,
1637,roi-no-,roi roino,,,
1638,rugʰi̯o-,rugʰi̯o,,,
1639,"ruk(k)-, rouk(k)-",ruk rukk rouk roukk,,,
1640,r̥ksā,r̥ksā,,,
1641,ŕ̥ḱþo-s,ŕ̥ḱþo ŕ̥ḱþos,,,
1642,"sā-, sə-",sā sə,1.*seh₂(i̯)-{1},seh₂(i̯)-,
1643,sāg-,sāg,*seh₂g/g̑-,seh₂g(')-,
1644,sāi-,sāi,?2.*seh₂(i̯)-{1},seh₂(i̯)-,
1645,saip-,saip,,,
1646,sak-,sak,,,
1647,1. sal-,sal,,,
1648,2. sal-,sal,,,
1649,sā̆lo-,sā̆lo,,,
1650,sāno-s,sāno sānos,,,
1651,"sap-, sab-",sap sab,*seh₁p-{1},seh₁p-,
1652,sasi̯o-,sasi̯o,?*sesT-{1},ses-,
1653,sā-ti-,sā sāti,,,
1654,"saus-, sus-",saus sus,*h₂seu̯s-{1},h₂seu̯s-,
1655,"sā́u̯el-, sāu̯ol-, suu̯él-, su̯el-, sūl-",sā́u̯el sāu̯ol suu̯él su̯el sūl,,,
1656,se-,se,,,
1657,sed-,sed,*sed-,sed-,
1658,1. seg-,seg,1.*seg-{1},seg-,
1659,"2. seg-, nasalized seng-",seg seng,,,
1660,"seǵʰ-, seǵʰi-, seǵʰu-",seǵʰ seǵʰi seǵʰu,*seg̑ʰ-,seg̑ʰ-,
1661,"sei-, soi-",sei soi,,,
1662,1. sē(i)-,sē sēi,2.*seh₁(i̯)-{1},seh₁(i̯)-,
1663,"2. sē(i)- : səi- : sī-, sē- : sə-, and sei- : si-",sē sēi : səi : sī sē : sə sei : si,"*seh₁-, 1.*seh₁(i̯)-{1}","seh₁-, seh₁(i̯)-",
1664,"3. sē(i)-, səi- : sī-, and sei- : si-",sē sēi səi : sī sei : si,*sh₂ei̯-{1},sh₂ei̯-,
1665,"sē[i]dʰ- : sī̆dʰ-, and sədʰ-",sē[i]dʰ : sī̆dʰ sədʰ,"*seHdʰ-{1}, ?*sei̯dʰ-","seHdʰ-, sei̯dʰ-",
1666,"sē̆ik-, sī̆k-",sē̆ik sī̆k,"*sei̯k-, ?*seh₁k̑-{1}","seik-, seh₁k̑-",
1667,seikʷ-,seikʷ,*sei̯kʷ-,sei̯kʷ-,
1668,"seip-, seib-",seip seib,*sei̯b-,sei̯b-,
1669,1. sek-,sek,*sek-,sek-,
1670,2. sē̆k-,sē̆k,*sekH-{1},sekH-,
1671,3. sēk-,sēk,,,
1672,1. sekʷ-,sekʷ,1.*sekʷ-,sekʷ-,
1673,2. sekʷ-,sekʷ,2.*sekʷ-,sekʷ-,
1674,1. sel-,sel,2.*sel-{1},sel-,
1675,"2. sel-, su̯el-",sel su̯el,,,
1676,3. sel-,sel,*selh₁-{1},selh₁-,
1677,4. sel-,sel,1.*sel-{1},sel-,
1678,5. sel-,sel,3.*sel-,sel-,
1679,"6. sel-, selə- : slā-",sel selə : slā,*selh₂-,selh₂-,
1680,selǵ-,selǵ,*selg̑-{1},selg̑-,
1681,selk-,selk,*selk-{0},selk-,
1682,selos-,selos,,,
1683,selp-,selp,,,
1684,1. sem-,sem,"*semH-{1}, *h₂en-{1}","semH-, h₂en-",
1685,2. sem-,sem,,,
1686,3. sem-,sem,,,
1687,sēmi-,sēmi,,,
1688,"sen-, sene-, sen(e)u-, senə-",sen sene senu seneu senə,*senh₂-,senh₂-,
1689,sendʰro-,sendʰro,,,
1690,sengʷ-,sengʷ,*sengʷ-,sengʷ-,
1691,sengʷʰ-,sengʷʰ,*sengʷʰ-{1},sengʷʰ-,
1692,"seni-, senu-, s<sub>e</sub>ni-, sn̥-ter-",seni senu seni sn̥ sn̥ter,,,
1693,senk-,senk,,,
1694,sen(o)-,sen seno,,,
1695,sent-,sent,*sent-,sent-,
1696,sep-,sep,*sep-,sep-,
1697,septm̥,septm̥,,,
1698,1. ser-,ser,"3.*ser-{1}, *serh₃-","ser-, serh₃-",
1699,2. ser-,ser,1.*ser-,ser-,
1700,"3. ser-, sor-",ser sor,,,
1701,4. ser-,ser,2.*ser-{1},ser-,
1702,"5. ser-, extended serp-",ser serp,,,
1703,serk-,serk,*serk/k̑-,serk(')-,
1704,serp-,serp,*serp-,serp-,
1705,"1. seu-, seʷə- : sū-",seu seʷə : sū,"?*seu̯-{1}, *seu̯k̑-{1}, *sh₂eu̯-{1}","seu̯-, seu̯k̑-, sh₂eu̯-",
1706,"2. seu-, seu̯ə-, sū̆-",seu seu̯ə sū̆,?*seu̯H-{1},seu̯H-,
1707,"3. seu- : su-, seu̯ə- : sū-",seu : su seu̯ə : sū,?*seu̯k-{1},seu̯k-,
1708,"4. seu-, seu-t-",seu seu seut,"*seu̯h₁-{1}, ?*h₂seu̯t-{1}","seu̯h₁-, h₂seu̯t-",
1709,seug-,seug,,,
1710,"seu̯ə-, sū-",seu̯ə sū,*h₁u̯eh₂-{0} ,,
1711,seu̯i̯o-,seu̯i̯o,,,
1712,si̯ē[u]-ro- : si̯ə-ur(i̯o)-,si̯ē[u] si̯ē[u]ro : si̯ə si̯əur si̯ə si̯əuri̯o,,,
1713,"si̯ū-, sīu̯-",si̯ū sīu̯,*si̯eu̯H-{1},si̯eu̯H-,
1714,"skabʰ-, skambʰ-",skabʰ skambʰ,?*skebʰH-{1},skebʰH-,
1715,(s)kāi-,kāi skāi,?*kei̯t-,kei̯t-,
1716,"(s)k(ʰ)ai-, (s)k(ʰ)ai-d-, (s)k(ʰ)ai-t-",kai kʰai skai skʰai kai kaid kʰai kʰaid skai skaid skʰai skʰaid kai kait kʰai kʰait skai skait skʰai skʰait,?*kh₂ei̯d-{1},?*kh₂ei̯d-{1},
1717,"sḱāi-, sḱəi- : sḱī-",sḱāi sḱəi : sḱī,*sk̑eH(i̯)-{1},sk̑eH(i̯)-,
1718,"(s)kamb-, and (s)kemb-",kamb skamb kemb skemb,,,
1719,"(s)kand-, (s)kend-",kand skand kend skend,,,
1720,"(s)k(ʰ)ed-, (s)k(ʰ)e-n-d-",ked kʰed sked skʰed ke ken kend kʰe kʰen kʰend ske sken skend skʰe skʰen skʰend,*(s)kedh₂-,(s)kedh₂-,
1721,sḱed-,sḱed,?*sk̑ed-{1},sk̑ed-,
1722,skē̆i-,skē̆i,"*sk̑ʰeh₂(i̯)-{1}, *sk̑ʰei̯d-{1}","sk̑ʰeh₂(i̯)-, sk̑ʰei̯d-",
1723,"skē̆i-bʰ-, nasalized ski-m-bʰ-",skē̆i skē̆ibʰ ski skim skimbʰ,,,
1724,"(s)kek-, skeg-",kek skek skeg,*skek-{1},skek-,
1725,1. (s)kel-,kel skel,"?2.*(s)kel-{1}, *skelH-{1}","(s)kel-, skelH-",
1726,2. (s)kel-,kel skel,?1.*(s)kel-{1},(s)kel-,
1727,3. (s)kel-,kel skel,*(s)kelh₁-{1},(s)kelh₁-,
1728,"4. (s)kel-, extended klā-, klō-",kel skel klā klō,,,
1729,"5. (s)kʷel-, (s)kel-",kʷel skʷel kel skel,,,
1730,(s)ḱel-,ḱel sḱel,,,
1731,skʰel-,skʰel,,,
1732,(s)ḱem-,ḱem sḱem,,,
1733,(s)ken-(d-),ken ken ken kend kend sken sken sken skend skend,,,
1734,skendʰ-,skendʰ,,,
1735,(s)keng-,keng skeng,*(s)keng/g̑-{1},(s)keng(')-,
1736,1. (s)kep-,kep skep,?2.*(s)kep-{1},(s)kep-,
1737,"2. (s)kē̆p-, (s)kō̆p-, and (s)kā̆p-, (s)kē̆b(ʰ)-, skob(ʰ)-, and skā̆b(ʰ)-",kē̆p skē̆p kō̆p skō̆p kā̆p skā̆p kē̆b kē̆bʰ skē̆b skē̆bʰ skob skobʰ skā̆b skā̆bʰ,"1.*(s)kep-{1}, *skabʰ-{1}","(s)kep-, skabʰ-",
1738,1. (s)ker-,ker sker,,,
1739,"2. (s)ker-, skerə- : skrē-",ker sker skerə : skrē,"1.*(s)k/k̑er-, 3.*kerH-{1}","(s)k(')er-, kerH-",
1740,3. (s)ker-,ker sker,"?*(s)k(ʷ)rei̯-{1}, ?*(s)krengʷ-, ?*k(ʷ)rei̯p-{1}, ?*skrei̯t-{0}","(s)k(ʷ)rei̯-, (s)krengʷ-, k(ʷ)rei̯p-, skrei̯t-",
1741,"4. (s)ker-, (s)kerə-, (s)krē-",ker sker kerə skerə krē skrē,"*(s)kerH-{1}, 2.*(s)ker-{1}, *(s)kert-{1}, ?*skerdʰ-{1}, *(s)kreb-{1}, *(s)kerbʰ-{1}, *(s)kerp-, *kreh₁(i̯)-{1}, 2.*kers-{1}, ?*sk/k̑rei̯bʰ-{1}","(s)kerH-, (s)ker-, (s)kert-, skerdʰ-, (s)kreb-, (s)kerbʰ-, (s)kerp-, kreh₁(i̯)-, kers-, sk(')rei̯bʰ-",
1742,5. (s)ker-,ker sker,,,
1743,(s)kʷer-,kʷer skʷer,,,
1744,sḱer-(d-),sḱer sḱer sḱer sḱerd sḱerd,*k̑er(H)-{1},k̑er(H)-,
1745,"(s)kerb(ʰ)-, (s)kreb(ʰ)-, nasalized (s)kremb-",kerb kerbʰ skerb skerbʰ kreb krebʰ skreb skrebʰ kremb skremb,*(s)kerb-{1},(s)kerb-,
1746,"(s)ker-dʰ-, (s)k<sub>o</sub>r-dʰ-",ker kerdʰ sker skerdʰ kor kordʰ skor skordʰ,,,
1747,(s)kert-s-,kert kerts skert skerts,,,
1748,skēt- : skət-,skēt : skət,?*skeHt-{1},skeHt-,
1749,"skētʰ-, skətʰ-",skētʰ skətʰ,*sk/k̑eh₁tʰ-{1},sk(')eh₁tʰ-,
1750,1. (s)keu-,keu skeu,,,
1751,"2. (s)keu-, (s)keu̯ə : (s)kū-",keu skeu keu̯ə skeu̯ə : kū skū,*keu̯dʰ-{1},keu̯dʰ-,
1752,"3. skē̆u-, ksē̆u-",skē̆u ksē̆u,,,
1753,4. (s)keu-,keu skeu,,,
1754,5. skē̆u-,skē̆u,,,
1755,6. skēu(-t)-,skēu skēu skēut,"*skeu̯h₂-{1}, ?*skeu̯t-{1}","skeu̯h₂-, skeu̯t-",
1756,sḱē̆u-,sḱē̆u,?*k̑eu̯H-{1},k̑eu̯H-,
1757,"skeub-, skeubʰ-, skeug-",skeub skeubʰ skeug,?*skeu̯bʰ-{1},skeu̯bʰ-,
1758,1. skeud-,skeud,,,
1759,2. (s)keud-,keud skeud,*(s)keu̯d-,(s)keu̯d-,
1760,"(s)keup-, skeub(ʰ)-",keup skeup skeub skeubʰ,,,
1761,"(s)keut-, (s)keudʰ-",keut skeut keudʰ skeudʰ,,,
1762,"sḱlēk-, sḱlək-",sḱlēk sḱlək,,,
1763,skordʰo-,skordʰo,,,
1764,skot-,skot,,,
1765,(s)kū̆t-,kū̆t skū̆t,,,
1766,(s)kʷalo-s,kʷalo kʷalos skʷalo skʷalos,,,
1767,sku̯erb(ʰ)-,sku̯erb sku̯erbʰ,,,
1768,"sk(ʰ)u̯oi̯-, sk(ʰ)u̯i(i̯)-",sku̯oi̯ skʰu̯oi̯ sku̯i sku̯ii̯ skʰu̯i skʰu̯ii̯,,,
1769,(s)lā̆gʷ-,lā̆gʷ slā̆gʷ,*sleh₂gʷ-{1},sleh₂gʷ-,
1770,slak-,slak,?*slak-{1},slak-,
1771,"(s)leb-, (s)lob-, (s)lep-, (s)lop-",leb sleb lob slob lep slep lop slop,,,
1772,"(s)lēg- : (s)ləg-, and (s)leg-",lēg slēg : ləg sləg leg sleg,"*sleh₁g/g̑-{1}, *sleg/g̑-{1}","sleh₁g(')-, sleg(')-",
1773,slēgʷ-,slēgʷ,,,
1774,(s)leib-,leib sleib,,,
1775,(s)leidʰ-,leidʰ sleidʰ,*h₃slei̯dʰ-{1},h₃slei̯dʰ-,
1776,(s)leig-,leig sleig,,,
1777,"slenk-, sleng-",slenk sleng,*slenkʷ-{1},slenkʷ-,
1778,sler-,sler,,,
1779,(s)leu-,leu sleu,,,
1780,sleub(ʰ)-,sleub sleubʰ,*sleu̯bʰ-{1},sleu̯bʰ-,
1781,"(s)leug-, (s)leuk-",leug sleug leuk sleuk,"*(s)leu̯g-{1}, *sleu̯k-{1}","(s)leu̯g-, sleu̯k-",
1782,"(s)leuǵ-, (s)leuḱ-",leuǵ sleuǵ leuḱ sleuḱ,,,
1783,"(s)leup-, (s)leub(ʰ)-",leup sleup leub leubʰ sleub sleubʰ,,,
1784,"(s)lī- : sləi-, or slōi-, slī-u̯o-",lī slī : sləi or slōi slī slīu̯o,,,
1785,"slougo-, slougā- (fem.)",slougo slougā,,,
1786,"(s)lr̥g-, and sler-",lr̥g slr̥g sler,,,
1787,"sme, smā̆",sme smā̆,,,
1788,"smē-, smeī-, sm-ei-",smē smeī sm smei,"?*smeh₁-{1}, ?*smei̯d-{1}","smeh₁-, smei̯d-",
1789,smeg(ʰ)-,smeg smegʰ,,,
1790,"1. (s)mei-, smeu-",mei smei smeu,*smei̯-{1},smei̯-,
1791,2. smēi- : sməi- : smī̆-,smēi : sməi : smī̆,,,
1792,"3. smēi-, smeid-, smēig-, smēik-",smēi smeid smēig smēik,,,
1793,"smeit-, smit-",smeit smit,,,
1794,smek-,smek,,,
1795,1. smel-,smel,,,
1796,2. smel-,smel,,,
1797,(s)mer-,mer smer,"1.*(s)mer-{1}, ?*h₂mert-{1}, 2.*smer-{1}","(s)mer-, h₂mert-, smer-",
1798,"smerd-, smord-",smerd smord,*smerd-{1},smerd-,
1799,smeru-,smeru,,,
1800,smeu-,smeu,,,
1801,"(s)meukʰ-, (s)meug-, (s)meugʰ-",meukʰ smeukʰ meug smeug meugʰ smeugʰ,,,
1802,smog-,smog,,,
1803,"snā-, snə-(t-), snāu-, sn-eu-, sn-et-",snā snə snə snə snət snət snāu sn sneu sn snet,"*(s)neh₂-{1}, *sneu̯-{1}","(s)neh₂-, sneu̯-",
1804,(s)nadʰ-,nadʰ snadʰ,?*snedʰ-{1},snedʰ-,
1805,"(s)nē-, and (s)nēi-",nē snē nēi snēi,*sneh₁-,sneh₁-,
1806,"(s)nēbʰ-ri-, (s)nōbʰ-ri-",nēbʰ nēbʰri snēbʰ snēbʰri nōbʰ nōbʰri snōbʰ snōbʰri,,,
1807,sneig-,sneig,,,
1808,sneigʷʰ-,sneigʷʰ,*snei̯gʷʰ-,snei̯gʷʰ-,
1809,sneit-,sneit,?*snei̯t-{1},snei̯t-,
1810,"snēp-, snōp-, snəp-",snēp snōp snəp,,,
1811,"1. (s)ner-, (s)nur-",ner sner nur snur,,,
1812,2. (s)ner-,ner sner,*snerk-{1},snerk-,
1813,(s)nerb-,nerb snerb,,,
1814,sneu-,sneu,,,
1815,"snēu- : snū-, and snĕu-",snēu : snū snĕu,*sneu̯H-{1},sneu̯H-,
1816,sneubʰ-,sneubʰ,*sneu̯bʰ-{1},sneu̯bʰ-,
1817,1. sneud(ʰ)-,sneud sneudʰ,,,
1818,2. sneudʰ-,sneudʰ,,,
1819,snusós,snusós,,,
1820,"so(s), sā",so sos sā,,,
1821,soi-to-,soi soito,,,
1822,"solo-, sol(e)u̯o-",solo solu̯o soleu̯o,,,
1823,sō[u]rā : sōrā,sō[u]rā : sōrā,,,
1824,spako-,spako,,,
1825,"sp(ʰ)ē-, sp(ʰ)ə-(dʰ-)",spē spʰē spə spə spə spədʰ spədʰ spʰə spʰə spʰə spʰədʰ spʰədʰ,,,
1826,"speǵ-, or spō̆ǵ-",speǵ or spō̆ǵ,,,
1827,1. (s)p(ʰ)ē̆i- : (s)p(ʰ)ī̆-,pē̆i pʰē̆i spē̆i spʰē̆i : pī̆ pʰī̆ spī̆ spʰī̆,,,
1828,"2. sp(ʰ)ei : sp(ʰ)ī̆, and sp(ʰ)ē : sp(ʰ)ə-",spei spʰei : spī̆ spʰī̆ spē spʰē : spə spʰə,*(s)peh₂-,(s)peh₂-,
1829,"3. sp(ʰ)ē(i)-, spī-, and spʰē- : spʰə-",spē spēi spʰē spʰēi spī spʰē : spʰə,"*spʰeh₁-{1}, ?*spʰei̯g-{1}","spʰeh₁-, spʰei̯g-",
1830,speḱ-,speḱ,*spek̑-,spek̑-,
1831,(s)pel-,pel spel,1.*(s)pelH-{1},(s)pelH-,
1832,1. (s)p(ʰ)el-,pel pʰel spel spʰel,2.*(s)pelH-{1},(s)pelH-,
1833,2. (s)p(ʰ)el-,pel pʰel spel spʰel,?*splend-{1},splend-,
1834,(s)p(ʰ)elg-,pelg pʰelg spelg spʰelg,,,
1835,"sp(ʰ)elǵʰ(en), splenǵʰ-, splē̆ǵʰ-",spelǵʰ spelǵʰen spʰelǵʰ spʰelǵʰen splenǵʰ splē̆ǵʰ,,,
1836,1. (s)pen(-d)-,pen pen pend spen spen spend,"*(s)penh₁-{1}, ?2.*(s)pend-{1}","(s)penh₁-, (s)pend-",
1837,"2. *(s)pen-, (s)pon-, (s)pondʰo-",*pen *spen pon spon pondʰo spondʰo,,,
1838,spend-,spend,1.*spend-,spend-,
1839,sp(ʰ)e(n)d-,sped spend spʰed spʰend,,,
1840,sp(ʰ)eng-,speng spʰeng,?*(s)bʰeng-{1},(s)bʰeng-,
1841,"speno-, stē̆no-, p(ə)stē̆no-",speno stē̆no pstē̆no pəstē̆no,,,
1842,1. (s)per-,per sper,,,
1843,2. sper(-g)-,sper sper sperg,,,
1844,3. sper-,sper,,,
1845,"4. (s)p(ʰ)er-, (s)p(ʰ)erəg-",per pʰer sper spʰer perəg pʰerəg sperəg spʰerəg,,,
1846,"1. sp(ʰ)er-, sp(ʰ)erə-",sper spʰer sperə spʰerə,"?1.*sper-{1}, *spʰerH-{1}","sper-, spʰerH-",
1847,"2. (s)p(ʰ)er-, sprei-, spreu-",per pʰer sper spʰer sprei spreu,"3.*sper-{1}, ?1.*(s)prend-{1}","sper-, (s)prend-",
1848,3. sp(ʰ)er-,sper spʰer,,,
1849,"sp(ʰ)erd(ʰ)-, (s)p(ʰ)red(ʰ)-, nasalized sp(ʰ)rend(ʰ)-",sperd sperdʰ spʰerd spʰerdʰ pred predʰ pʰred pʰredʰ spred spredʰ spʰred spʰredʰ sprend sprendʰ spʰrend spʰrendʰ,"*sperdʰ-{1}, ?2.*(s)prend-","sperdʰ-, (s)prend-",
1850,"*(s)p(ʰ)ereg-, (s)p(ʰ)erəg-, (s)p(ʰ)rēg-, nasalized spreng-",*pereg *pʰereg *spereg *spʰereg perəg pʰerəg sperəg spʰerəg prēg pʰrēg sprēg spʰrēg spreng,"?*spreg-{1}, *spʰerh₂g-{1}","spreg-, spʰerh₂g-",
1851,"sperǵʰ-, spreǵʰ-, nasalized sprenǵʰ-",sperǵʰ spreǵʰ sprenǵʰ,"*sperg̑ʰ-, *(s)prengʰ-","sperg̑ʰ-, (s)prengʰ-",
1852,(s)p(ʰ)eu-d-,peu peud pʰeu pʰeud speu speud spʰeu spʰeud,*speu̯d-,speu̯d-,
1853,(s)pī̆ko-,pī̆ko spī̆ko,,,
1854,(s)pingo-,pingo spingo,,,
1855,"(s)p(ʰ)i̯ēu- : (s)pi̯ū-, (s)pīu̯-",pi̯ēu pʰi̯ēu spi̯ēu spʰi̯ēu : pi̯ū spi̯ū pīu̯ spīu̯,*spti̯eu̯H-{1},spti̯eu̯H-,
1856,(s)plei-,plei splei,,,
1857,(s)pleiǵʰ-,pleiǵʰ spleiǵʰ,,,
1858,(s)poimno-,poimno spoimno,,,
1859,"sprei-, spreu-",sprei spreu,,,
1860,sp(ʰ)reig-,spreig spʰreig,,,
1861,srakʷ-to-,srakʷ srakʷto,,,
1862,"srebʰ-, sr̥bʰ-, and serbʰ-",srebʰ sr̥bʰ serbʰ,*srebʰ-,srebʰ-,
1863,"sr-edʰ-, sr-et-",sr sredʰ sr sret,,,
1864,(s)reigʰ-,reigʰ sreigʰ,,,
1865,srenk-,srenk,,,
1866,srēno-,srēno,,,
1867,sresk-,sresk,,,
1868,sreu-,sreu,*sreu̯-,sreu̯-,
1869,sreup-,sreup,,,
1870,"srīg-, srīgos-",srīg srīgos,?*srei̯Hg/g̑-{1},srei̯Hg(')-,
1871,srō̆mo-,srō̆mo,,,
1872,stā- : stə-,stā : stə,*steh₂-{1},steh₂-,
1873,stag-,stag,?*steh₂g/g̑-{1},steh₂g(')-,
1874,(s)tāi-,tāi stāi,1.*teh₂-{1},teh₂-,
1875,"stāi-, stī̆-, sti̯-ā-",stāi stī̆ sti̯ sti̯ā,?*sti̯eH-{1},sti̯eH-,
1876,"stāk-, stek-",stāk stek,,,
1877,"steb(ʰ)-, and stēb(ʰ)- : stəbʰ-, nasalized stemb(ʰ)-, step-, also stēp-?, nasalized stemp-, nominal stəbʰo-s, stemb(ʰ)ro-s, stomb(ʰ)o-s",steb stebʰ stēb stēbʰ : stəbʰ stemb stembʰ step stēp stēp? stemp nominal stəbʰo stəbʰos stembro stembros stembʰro stembʰros stombo stombos stombʰo stombʰos,"*stebʰ-{1}, *stembʰH-{1}","stebʰ-, stembʰH-",
1878,1. (s)teg-,teg steg,*(s)teg-{1},(s)teg-,
1879,2. (s)teg-,teg steg,,,
1880,"stegʰ-, nasalized stengʰ-",stegʰ stengʰ,?*stegʰ-,stegʰ-,
1881,(s)tei-,tei stei,,,
1882,"stē̆ib(ʰ)-, stī̆b(ʰ)-, stē̆ip-, stī̆p-",stē̆ib stē̆ibʰ stī̆b stī̆bʰ stē̆ip stī̆p,"?*stei̯b-{1}, ?*stei̯p-","stei̯b-, stei̯p-",
1883,(s)teig-,teig steig,*(s)tei̯g-{1},(s)tei̯g-,
1884,steigʰ-,steigʰ,*stei̯gʰ-,stei̯gʰ-,
1885,(s)teigʷ-,teigʷ steigʷ,,,
1886,(s)teigʷʰ-,teigʷʰ steigʷʰ,,,
1887,1. (s)tel-,tel stel,?*stelh₂k/k̑-{1},stelh₂k(')-,
1888,"2. stel-, stelə-",stel stelə,*stel-{1},stel-,
1889,3. stel-,stel,,,
1890,stem-,stem,,,
1891,1. (s)ten-,ten sten,"*sten-{1}, *(s)tenh₂-{1}","sten-, (s)tenh₂-",
1892,2. sten-,sten,,,
1893,"1. (s)ter-, (s)terə- : (s)trē-",ter ster terə sterə : trē strē,"*ster-{1}, *(s)dʰerbʰ-{1}, 2.*terp-{0}, ?*strebʰ-{1}","ster-, (s)dʰerbʰ-, terp-, strebʰ-",
1894,2. stē̆r-,stē̆r,,,
1895,3. ster-,ster,?*sterh₁-{1},sterh₁-,
1896,"4. ster-, also sterə- : strē-, strei-, streu-",ster sterə : strē strei streu,"1.*strei̯g-, *streu̯g-","strei̯g-, streu̯g-",
1897,"5. ster-, sterə- : strē-, steru- : streu-",ster sterə : strē steru : streu,"*ster-{1}, *sterh₃-, *streu̯-","ster-, sterh₃-, streu̯-",
1898,6. ster-,ster,,,
1899,7. (s)ter-n-,ter tern ster stern,,,
1900,8. (s)ter-,ter ster,?*(s)terk̑-,(s)terk̑-,
1901,"sterg-, sterk-",sterg sterk,*sterg-,sterg-,
1902,1. (s)teu-,teu steu,"*(s)teu̯g-{1}, 1.*teu̯k-{1}, *stengʷ-, 1.*(s)teu̯d-, *(s)teu̯p-","(s)teu̯g-, teu̯k-, stengʷ-, (s)teu̯d-, (s)teu̯p-",
1903,2. steu-,steu,*steu̯-,steu̯-,
1904,steu̯ə-,steu̯ə,?2.*steu̯d-{1},steu̯d-,
1905,"stilp-, stilb-",stilp stilb,,,
1906,stomen-,stomen,,,
1907,"storos, stornos, str̥nos?",storos stornos str̥nos?,,,
1908,1. streig-,streig,2.*strei̯g-,strei̯g-,
1909,2. streig-,streig,,,
1910,"3. (s)treig-, streid(ʰ)-",treig streig streid streidʰ,,,
1911,"strenk-, streng-",strenk streng,*strengʰ-{1},strengʰ-,
1912,"(s)trep-, (s)treb-",trep strep treb streb,*(s)trep-{1},(s)trep-,
1913,stru-,stru,,,
1914,"su-, sū-",su sū,,,
1915,"sū̆-s, suu̯-ós",sū̆ sū̆s suu̯ suu̯ós,,,
1916,"sū-ro-, sou-ro-",sū sūro sou souro,,,
1917,1. sūs-,sūs,,,
1918,2. sūs-,sūs,,,
1919,su̯ād-,su̯ād,*su̯eh₂d-{1},su̯eh₂d-,
1920,su̯ard-,su̯ard,,,
1921,"su̯ei-, su̯i-",su̯ei su̯i,,,
1922,su̯ē̆(i)-,su̯ē̆ su̯ē̆i,"?*su̯eh₁(i̯)-{1}, ?3.*su̯ei̯d-{1}, ?*su̯ei̯gʷ-{1}","su̯eh₁(i̯)-, su̯ei̯d-, su̯ei̯gʷ-",
1923,1. su̯eid-,su̯eid,?2.*su̯ei̯d-{1},su̯ei̯d-,
1924,2. su̯eid-,su̯eid,1.*su̯ei̯d-{1},su̯ei̯d-,
1925,su̯ēid-,su̯ēid,,,
1926,su̯ek-,su̯ek,,,
1927,su̯ekrū́-,su̯ekrū́,,,
1928,"su̯eḱs, seḱs, kseḱs, ksu̯eḱs, u̯eḱs : uḱs",su̯eḱs seḱs kseḱs ksu̯eḱs u̯eḱs : uḱs,,,
1929,s(u̯)ekʷo-s,sekʷo sekʷos su̯ekʷo su̯ekʷos,,,
1930,1. su̯el(-k)-,su̯el su̯el su̯elk,?2.*su̯el-{1},su̯el-,
1931,2. su̯el-,su̯el,"1.*su̯el-{1}, ?*su̯eld-{1}","su̯el-, su̯eld-",
1932,"3. su̯el-, su̯ol-, sul-",su̯el su̯ol sul,,,
1933,4. su̯el-,su̯el,,,
1934,"su̯e-lo-, su̯elii̯o(n)-",su̯e su̯elo su̯elii̯o su̯elii̯on,,,
1935,su̯elplo-s,su̯elplo su̯elplos,,,
1936,su̯em-,su̯em,,,
1937,su̯en-,su̯en,*su̯enh₂-,su̯enh₂-,
1938,(s)u̯endʰ-,u̯endʰ su̯endʰ,*(s)u̯endʰ-{1},(s)u̯endʰ-,
1939,"su̯eng-, su̯enk- : su̯eg-, su̯ek-",su̯eng su̯enk : su̯eg su̯ek,"?*su̯eng-{1}, ?*su̯engʷʰ-{1}","su̯eng-, su̯engʷʰ-",
1940,"su̯enk-, sunk-",su̯enk sunk,,,
1941,"su̯ento-, sunto-",su̯ento sunto,,,
1942,"1. su̯ep-, sup-",su̯ep sup,*su̯ep-,su̯ep-,
1943,"2. su̯ep-, sup-, su̯eb-",su̯ep sup su̯eb,*seu̯p-{1},seu̯p-,
1944,"1. su̯er-, also ser-?",su̯er ser ser?,,,
1945,2. su̯er-,su̯er,1.*su̯er-,su̯er-,
1946,3. su̯er-,su̯er,,,
1947,4. su̯er-,su̯er,2.*su̯er-{1},su̯er-,
1948,5. su̯er-,su̯er,,,
1949,"su̯erbʰ-, also su̯er-?",su̯erbʰ su̯er su̯er?,?*su̯erbʰ-{1},su̯erbʰ-,
1950,su̯ergʰ-,su̯ergʰ,?*su̯ergʰ-{1},su̯ergʰ-,
1951,su̯esor-,su̯esor,,,
1952,su̯ī-,su̯ī,?*su̯ei̯H-{1},su̯ei̯H-,
1953,su̯omb(ʰ)o-s,su̯ombo su̯ombos su̯ombʰo su̯ombʰos,,,
1954,su̯ordo-s,su̯ordo su̯ordos,,,
1955,"tā-, tə-, tāi-, təi-, tī̆-; [tāu-], təu-, tū̆-",tā tə tāi təi tī̆ tī̆; [tāu [tāu] təu tū̆,"*tei̯h₁-{1}, ?*teh₂k/k̑-{1}, 2.*teh₂-{1}","tei̯h₁-, teh₂k/k̑-, teh₂-",
1956,tād-,tād,,,
1957,"tag-, or teg- : tog- : t<sub>e</sub>g-",tag or teg : tog : teg,"*teh₂g/g̑-{1}, ?*teg-{1}","teh₂g(')-, teg-",
1958,tāg-,tāg,?*tag-{1},tag-,
1959,"tak-, takē(i)-",tak takē takēi,,,
1960,tāl-,tāl,,,
1961,1. tap-,tap,,,
1962,2. tap-,tap,,,
1963,"tata-, and similarly tē̆ta-",tata similarly tē̆ta,,,
1964,taus-,taus,"*th₂eu̯s-{1},1.*teu̯s-","th₂eu̯s-, teu̯s-",
1965,teg-,teg,,,
1966,"tēg-, təg-",tēg təg,,,
1967,tegu-,tegu,,,
1968,tei-,tei,,,
1969,teig-,teig,,,
1970,teigʷ-,teigʷ,,,
1971,1. tek-,tek,*tek̑-{1},tek̑-,
1972,2. tek-,tek,1.*tek-,tek-,
1973,3. tek-,tek,2.*tek-,tek-,
1974,teḱþ-,teḱþ,*tetk̑-{1},tetk̑-,
1975,tekʷ-,tekʷ,*tekʷ-,tekʷ-,
1976,"1. tel-, telə-, tlē(i)-, tlā-",tel telə tlē tlēi tlā,*telh₂-{1},telh₂-,
1977,"2. tel-, telə-, telu-",tel telə telu,,,
1978,3. tel-,tel,*telH-{1},telH-,
1979,4. tel-,tel,,,
1980,teleǵʰ-,teleǵʰ,*(s)terg̑ʰ-{1},(s)terg̑ʰ-,
1981,telek-,telek,?*telk-{1},telk-,
1982,telp-,telp,*telp-{1},telp-,
1983,"1. tem-, tend-",tem tend,"*temh₁-{1}, 2.*tend-{1}","temh₁-, tend-",
1984,2. tem-,tem,*temH-{1},temH-,
1985,tem(ə)-,tem temə,,,
1986,temp-,temp,*temp-{1},temp-,
1987,"1. ten-, tend-",ten tend,"1.*tend-{1}, *ten-{1}","tend-, ten-",
1988,2. ten-,ten,,,
1989,tend-,tend,,,
1990,"tenəgos, t<sub>e</sub>nəgos",tenəgos tenəgos,,,
1991,1. teng-,teng,"1.*teng/g̑-{1}, *tʰengʰ-{1}","teng(')-, tʰengʰ-",
1992,2. teng-,teng,,,
1993,tengʰ-,tengʰ,,,
1994,1. tenk-,tenk,,,
1995,2. tenk-,tenk,*temk-{1},temk-,
1996,tens-,tens,*tens-{1},tens-,
1997,"tenu-s, t<sub>e</sub>nu-s",tenu tenus tenu tenus,,,
1998,tep-,tep,1.*tep-,tep-,
1999,1. ter-,ter,,,
2000,"2. ter-, teru-",ter teru,,,
2001,"3. ter-, terə-, and teri-, trēi-, trī-, also teru- : treu-",ter terə teri trēi trī teru : treu,"*terh₁-{1}, ?*trei̯K-{1}, *terh₃-{1}, ?*trei̯gʷ-{1}, ?*treh₁-{1}, ?*tresk̑-{1}, *treu̯H-{1}, ?2.*terg/g̑-{1}, ?1.*terg(ʷ)-{1}, *treh₃g/g̑-, ?*treu̯p-{1}","terh₁-, trei̯K-, terh₃-, trei̯gʷ-, treh₁-, tresk̑-, treu̯H-, terg(')-, terg(ʷ)-, treh₃g(')-, treu̯p-",
2002,"4. ter-, terə- : tr̥̄-, trā-, teru-",ter terə : tr̥̄ trā teru,"*terh₂-{1}, ?*treH-{1}","terh₂-, treH-",
2003,5. ter-,ter,,,
2004,6. ter-,ter,,,
2005,"7. ter-, terə-, terbʰ-, terd-, terg-, terp-",ter terə terbʰ terd terg terp,,,
2006,"terd-, tred-",terd tred,*terd-,terd-,
2007,tergʷ-,tergʷ,*tergʷ-{1},tergʷ-,
2008,"terk-, trek-, tork-, trok-",terk trek tork trok,*terkʷ-{1},terkʷ-,
2009,"terp-, trep-",terp trep,1.*terp-,terp-,
2010,ters-,ters,*ters-,ters-,
2011,tet(e)r-,tetr teter,,,
2012,"1. teu-, teud-, teug-, teuk-, teup-",teu teud teug teuk teup,,,
2013,2. teu-,teu,?*teu̯H-{1},teu̯H-,
2014,"tēu-, təu-, teu̯ə-, tu̯ō-, tū̆-",tēu təu teu̯ə tu̯ō tū̆,"*teu̯h₂-{1}, ?2.*teu̯k-{1}, *tu̯em-{0}","teu̯h₂-, teu̯k-, tu̯em-",
2015,teuk-,teuk,,,
2016,teup-,teup,?*teu̯p-,teu̯p-,
2017,teus-,teus,2.*teu̯s-{1},teu̯s-,
2018,"teu̯ə-, tu̯ā-",teu̯ə tu̯ā,?*k/k̑i̯eh₂-{1},k(')i̯eh₂-,
2019,"ti-ti-, (ti)til-",ti titi til titil,,,
2020,ti̯egʷ-,ti̯egʷ,*ti̯egʷ-,ti̯egʷ-,
2021,"1. to-, tā-, ti̯o-",to tā ti̯o,,,
2022,2. to-,to,,,
2023,tolkʷ-,tolkʷ,,,
2024,"1. tong-, *teng-",tong *teng,2.*teng/g̑-,teng(')-,
2025,2. tong-,tong,,,
2026,top-,top,,,
2027,"tor-, toro-s",tor toro toros,*ter-{1},ter-,
2028,"trāgʰ-, trō̆gʰ-, and trē̆gʰ-",trāgʰ trō̆gʰ trē̆gʰ,,,
2029,"trē̆b-, trōb-, tr<sub>e</sub>b-, or trəb-, tr̥b-",trē̆b trōb treb or trəb tr̥b,,,
2030,treg-,treg,,,
2031,trei-,trei,,,
2032,treig-,treig,,,
2033,"treisti-, or trīsti-",treisti or trīsti,,,
2034,trek-,trek,,,
2035,"trem-, trems-",trem trems,*trem-,trem-,
2036,1. trenk-,trenk,*trenk-{1},trenk-,
2037,2. trenk-,trenk,1.*trep-{1},trep-,
2038,1. trep-,trep,2.*trep-,trep-,
2039,2. trep-,trep,,,
2040,"3. trep-, treb-",trep treb,,,
2041,"tres-, ters-, *teres-",tres ters *teres,,,
2042,trē̆u-,trē̆u,*treh₁u̯-{1},treh₁u̯-,
2043,tr-eu-d-,tr treu treud,*treu̯d-,treu̯d-,
2044,"trii̯əto-, trīto-",trii̯əto trīto,,,
2045,tris-,tris,,,
2046,trozdos- : tr̥zdos-,trozdos : tr̥zdos,,,
2047,trū̆des-,trū̆des,,,
2048,truḱ-,truḱ,,,
2049,trus-,trus,,,
2050,"tu, tutu",tu tutu,,,
2051,tū̆,tū̆,,,
2052,tū-lo-,tū tūlo,,,
2053,"1. tu̯ā̆k-, tuk-",tu̯ā̆k tuk,,,
2054,2. tu̯ak-,tu̯ak,,,
2055,tu̯akos,tu̯akos,,,
2056,1. tu̯ē̆i-,tu̯ē̆i,,,
2057,"2. tu̯ei-, extended tu̯ei-s-",tu̯ei tu̯ei tu̯eis,"?*tu̯ei̯-{1}, *tu̯ei̯s-{1}","tu̯ei̯-, tu̯ei̯s-",
2058,tu̯en-,tu̯en,,,
2059,tu̯enǵʰ-,tu̯enǵʰ,*tu̯enk-{1},tu̯enk-,
2060,"1. tu̯er- : tur-, and tu̯r̥-",tu̯er : tur tu̯r̥,*tu̯er-{1},tu̯er-,
2061,"2. tu̯er- : tur-, tu̯erə-",tu̯er : tur tu̯erə,*tu̯erH-{1},tu̯erH-,
2062,tu̯erḱ-,tu̯erḱ,*tu̯erk̑-{1},tu̯erk̑-,
2063,tu̯ī̆bʰ-,tu̯ī̆bʰ,,,
2064,tu̯ō[u]- : tu̯əu- : tū-l-,tu̯ō[u] : tu̯əu : tū tūl,,,
2065,1. u-,u,,,
2066,2. u-,u,,,
2067,ub-,ub,,,
2068,ū̆d-,ū̆d,,,
2069,"udero-, u̯ēdero-",udero u̯ēdero,,,
2070,ul-,ul,,,
2071,"upér, upéri",upér upéri,,,
2072,"upo, up, eup, (e)up-s-",upo up eup up ups eup eups,,,
2073,"1. u̯ā-, u̯ō-, u̯ə-",u̯ā u̯ō u̯ə,*h₃u̯ath₂-{1},h₃u̯ath₂-,
2074,u̯en-,u̯en,,,
2075,2. u̯ā-,u̯ā,,,
2076,u̯āb-,u̯āb,,,
2077,u̯adʰ-,u̯adʰ,,,
2078,"u̯ādʰ-, u̯ədʰ-",u̯ādʰ u̯ədʰ,"*gʰeh₁-, *u̯eh₂dʰ-{1}","gʰeh₁-, u̯eh₂dʰ-",
2079,1. u̯ā̆g-,u̯ā̆g,"*u̯eh₂g/g̑-, *u̯eh₂g̑-{1}","u̯eh₂g(')-, u̯eh₂g̑-",
2080,2. u̯ā̆g-,u̯ā̆g,,,
2081,"u̯ā̆gʰ-, suā̆gʰ-",u̯ā̆gʰ suā̆gʰ,?*u̯eh₂g/g̑ʰ-{1},u̯eh₂g(')ʰ-,
2082,u̯ai,u̯ai,,,
2083,"u̯ā̆i-, u̯ī-",u̯ā̆i u̯ī,*h₁u̯eh₂-{0},,
2084,u̯ā̆kā,u̯ā̆kā,,,
2085,"u̯al-, u̯al-d(ʰ)-",u̯al u̯al u̯ald u̯al u̯aldʰ,1.*u̯elH-{1},u̯elH-,
2086,u̯anḱ-,u̯anḱ,,,
2087,1. u̯ap-,u̯ap,,,
2088,"2. u̯ap-, ū̆p-",u̯ap ū̆p,,,
2089,u̯āsto-s,u̯āsto u̯āstos,,,
2090,"1. u̯āt-, better u̯ōt-",u̯āt u̯ōt,,,
2091,2. u̯ā̆t-,u̯ā̆t,,,
2092,"u̯azdʰ-, better u̯ozdʰ-",u̯azdʰ u̯ozdʰ,,,
2093,"1. u̯ē̆-, u̯ei-",u̯ē̆ u̯ei,,,
2094,"2. u̯e-, u̯edʰ-",u̯e u̯edʰ,,,
2095,"3. u̯ē-, u̯ə-",u̯ē u̯ə,,,
2096,"4. u̯e-, u̯o-, u̯es-",u̯e u̯o u̯es,,,
2097,"5. u̯e-, u̯o-",u̯e u̯o,,,
2098,1. u̯ebʰ-,u̯ebʰ,*u̯ebʰ-{1},u̯ebʰ-,
2099,2. u̯ebʰ-,u̯ebʰ,,,
2100,u̯ed-,u̯ed,,,
2101,1. u̯edʰ-,u̯edʰ,*u̯edʰh₁-{1},u̯edʰh₁-,
2102,"2. u̯edʰ-, before nasals u̯ed-",u̯edʰ u̯ed,*u̯edʰ-{1},u̯edʰ-,
2103,3. u̯edʰ-,u̯edʰ,*u̯edʰ-{1},u̯edʰ-,
2104,u̯eg-,u̯eg,?*u̯eg-{1},u̯eg-,
2105,u̯eǵ-,u̯eǵ,*u̯eg̑-{1},u̯eg̑-,
2106,"u̯egʷ- : ū̆gʷ-, ukʷs-",u̯egʷ : ū̆gʷ ukʷs,*u̯egʷ-{1},u̯egʷ-,
2107,u̯eǵʰ-,u̯eǵʰ,*u̯eg̑ʰ-,u̯eg̑ʰ-,
2108,u̯əg- : u̯āg-,u̯əg : u̯āg,,,
2109,"1. u̯ei-, u̯ei̯ə- : u̯ī̆-",u̯ei u̯ei̯ə : u̯ī̆,*u̯i̯eh₁-{1},u̯i̯eh₁-,
2110,"2. u̯ei-, u̯ei̯ə- : u̯ī̆-",u̯ei u̯ei̯ə : u̯ī̆,?*u̯ei̯(H)-{1},u̯ei̯(H)-,
2111,"3. u̯ei-, u̯eiə- : u̯ī-",u̯ei u̯eiə : u̯ī,*u̯ei̯h₁-,u̯ei̯h₁-,
2112,u̯eib-,u̯eib,,,
2113,1. u̯eid-,u̯eid,,,
2114,2. u̯(e)id-,u̯id u̯eid,*u̯ei̯d-,u̯ei̯d-,
2115,"u̯eidʰ-, u̯idʰ-",u̯eidʰ u̯idʰ,*h₂u̯i̯edʰ-{1},h₂u̯i̯edʰ-,
2116,1. u̯eik-,u̯eik,?1.*u̯ei̯k-{1},u̯ei̯k-,
2117,2. u̯eik-,u̯eik,2.*u̯ei̯k-{1},u̯ei̯k-,
2118,3. u̯eik-,u̯eik,*u̯ei̯k̑-{1},u̯ei̯k̑-,
2119,"4. u̯eik-, u̯eig-, extended form of u̯ei-",u̯eik u̯eig of u̯ei,"*u̯ei̯g-{1}, *u̯i̯ekʷ-{1}","u̯ei̯g-, u̯i̯ekʷ-",
2120,"u̯eiḱ-, u̯iḱ-, u̯oiḱo-",u̯eiḱ u̯iḱ u̯oiḱo,*u̯ei̯k̑-{1},u̯ei̯k̑-,
2121,"u̯eip-, u̯eib-",u̯eip u̯eib,*u̯ei̯p-,u̯ei̯p-,
2122,1. u̯eis-,u̯eis,1.*u̯ei̯s-{1},u̯ei̯s-,
2123,2. u̯eis-,u̯eis,,,
2124,3. u̯eis-,u̯eis,2.*u̯ei̯s-{1},u̯ei̯s-,
2125,"u̯ek-, u̯e-n-k-",u̯ek u̯e u̯en u̯enk,?*u̯enk-{1},u̯enk-,
2126,u̯ək- : *u̯āk-,u̯ək : *u̯āk,,,
2127,u̯eḱ-,u̯eḱ,*u̯ek̑-,u̯ek̑-,
2128,u̯ekʷ-,u̯ekʷ,"*u̯ekʷ-, *h₂u̯eg/g̑ʰ-{1}","u̯ekʷ-, h₂u̯eg(')ʰ-",
2129,u̯ek-ti-,u̯ek u̯ekti,,,
2130,1. u̯el-,u̯el,3.*u̯el-{1},u̯el-,
2131,"2. u̯el-, u̯lei-, u̯lē(i)-",u̯el u̯lei u̯lē u̯lēi,"*u̯elh₁-{0}, ?*h₁u̯eld-{1}, *u̯elp-{1}","u̯elh₁-, h₁u̯eld-, u̯elp-",
2132,3. u̯el-,u̯el,1.*u̯el-{1},u̯el-,
2133,"4. u̯el-, u̯elə-",u̯el u̯elə,,,
2134,"5. u̯el-, u̯elə-",u̯el u̯elə,,,
2135,6. u̯el-,u̯el,,,
2136,"7. u̯el-, u̯elə-, u̯lē-",u̯el u̯elə u̯lē,"2.*u̯elH-, 2.*u̯el-{1}, 1.*u̯elg-","u̯elH-, u̯el-, u̯elg-",
2137,8. u̯el-,u̯el,*u̯elh₃-{1},u̯elh₃-,
2138,1. u̯elk-,u̯elk,*h₂u̯elk-{1},h₂u̯elk-,
2139,"2. u̯elk-, u̯elg-",u̯elk u̯elg,"?*u̯elk-{1}, ?2.*u̯elg-{1}","u̯elk-, u̯elg-",
2140,"u̯em-, u̯emə-",u̯em u̯emə,*u̯emh₁-,u̯emh₁-,
2141,"1. u̯en-, u̯enə-",u̯en u̯enə,"*u̯en-, *u̯enH-{1}","u̯en-, u̯enH-",
2142,2. u̯en-,u̯en,,,
2143,1. u̯endʰ-,u̯endʰ,*u̯endʰ-{1},u̯endʰ-,
2144,2. u̯endʰ-,u̯endʰ,,,
2145,3. u̯endʰ-,u̯endʰ,,,
2146,u̯e-n-g-,u̯e u̯en u̯eng,?*u̯eng-,u̯eng-,
2147,u̯e-n-gʰ-,u̯e u̯en u̯engʰ,,,
2148,u̯e-n-k-,u̯e u̯en u̯enk,,,
2149,1. *u̯ep- : u̯ō̆p- : up-,*u̯ep : u̯ō̆p : up,,,
2150,2. u̯ep-,u̯ep,?*u̯ep-{1},u̯ep-,
2151,u̯ēp- : u̯əp-,u̯ēp : u̯əp,,,
2152,"1. u̯er-, also su̯er-",u̯er su̯er,"2.*u̯ers-{1}, *h₂u̯er-, *Hu̯er-{1}","u̯ers-, h₂u̯er-, Hu̯er-",
2153,2. u̯er-,u̯er,,,
2154,3. u̯er-,u̯er,,,
2155,"3a. u̯er-, u̯r̥mi-s, u̯r̥mo-s",3a. u̯er u̯r̥mi u̯r̥mis u̯r̥mo u̯r̥mos,,,
2156,"3b. u̯er-, u̯er-b-, and u̯er-bʰ-",3b. u̯er u̯er u̯erb u̯er u̯erbʰ,"*u̯remb-, *u̯ergʷ-{1}","u̯remb-, u̯ergʷ-",
2157,"3c. u̯er-, u̯(e)r-ed-",3c. u̯er u̯r u̯red u̯er u̯ered,?*redʰ-{1},redʰ-{1},
2158,"3d. u̯er-, u̯er-g-",3d. u̯er u̯er u̯erg,"*h₂u̯erg-{1}, *u̯reng-{1}","h₂u̯erg-{1}, u̯reng-",
2159,"3e. u̯er-, u̯er-ǵʰ-",3e. u̯er u̯er u̯erǵʰ,"*u̯erg̑ʰ-, ?*u̯rengʰ-{1}","u̯erg̑ʰ-, u̯rengʰ-",
2160,"3f. u̯er-, u̯er-k-",3f. u̯er u̯er u̯erk,?*renk-{1},renk-,
2161,"3g. u̯er-, u̯er-p-, u̯r-ep-",3g. u̯er u̯er u̯erp u̯r u̯rep,"*u̯erp-, ?*u̯rep-{1}","u̯erp-, u̯rep-",
2162,"3ʰ. u̯er-, u̯er-t-",3ʰ. u̯er u̯er u̯ert,*u̯ert-,u̯ert-,
2163,"3i. u̯er-, u̯r-ei-",3i. u̯er u̯r u̯rei,"*u̯rei̯k̑-, ?*u̯rei̯t-{1}","u̯rei̯k̑-, u̯rei̯t-",
2164,4. u̯er-,u̯er,"*u̯reh₁-{1}, ?*reh₁t-{1}","u̯reh₁-, reh₁t-",
2165,5. u̯er-,u̯er,"*Hu̯er-{1}, 1.*u̯er-{1}","Hu̯er-, u̯er-",
2166,6. u̯er-,u̯er,"*u̯erh₁-, *h₂u̯ert-{1}","u̯erh₁-, h₂u̯ert-",
2167,7. u̯er-,u̯er,"?*u̯red-{1}, 3.*u̯erg̑-{1}, ?*u̯Resk(ʷ)-{1}, ?*u̯eRg̑ʰ-{1}","u̯red-, u̯erg̑-, u̯Lesk(ʷ)-, u̯eLg̑ʰ-",
2168,8. u̯er-,u̯er,3.*u̯er-{1},u̯er-,
2169,9. u̯er- : u̯<sub>e</sub>ru-s,u̯er : u̯eru u̯erus,,,
2170,10. u̯er-,u̯er,,,
2171,"11. u̯er-, u̯erə-",u̯er u̯erə,,,
2172,12. u̯er-,u̯er,*u̯erH-{1},u̯erH-,
2173,13. u̯er-,u̯er,,,
2174,"u̯(e)rād-, u̯<sub>e</sub>rəd-, u̯rəd-",u̯rād u̯erād u̯erəd u̯rəd,,,
2175,"u̯erdʰ-, u̯redʰ-",u̯erdʰ u̯redʰ,"?*redʰ-{1}, ?*Hu̯eRdʰ-{1}","redʰ-, Hu̯eLdʰ-",
2176,"1. u̯erǵ-, u̯reǵ-",u̯erǵ u̯reǵ,1.*u̯erg̑-{1},u̯erg̑-,
2177,"2. u̯erǵ-, u̯reǵ-",u̯erǵ u̯reǵ,2.*u̯erg̑-{1},u̯erg̑-,
2178,"3. u̯erǵ-, u̯orǵ-",u̯erǵ u̯orǵ,,,
2179,"u̯er-g-, u̯er-ǵʰ-, u̯er-k-",u̯er u̯erg u̯er u̯erǵʰ u̯er u̯erk,,,
2180,u̯er-(<sub>e</sub>)nā,u̯er u̯ernā u̯er u̯erenā,,,
2181,u̯ers-,u̯ers,1.*u̯ers-,u̯ers-,
2182,u̯<sub>e</sub>ren-,u̯eren,,,
2183,1. u̯es-,u̯es,,,
2184,2. u̯es-,u̯es,3.*u̯es-{1},u̯es-,
2185,3. u̯es-,u̯es,,,
2186,4. u̯es-,u̯es,,,
2187,5. u̯es-,u̯es,1.*u̯es-,u̯es-,
2188,6. u̯ē̆s-,u̯ē̆s,,,
2189,7. u̯es-,u̯es,,,
2190,8. u̯es-,u̯es,2.*u̯es-{1},u̯es-,
2191,u̯es-no-,u̯es u̯esno,,,
2192,9. u̯es-,u̯es,,,
2193,"u̯esperos, u̯ekeros",u̯esperos u̯ekeros,,,
2194,u̯es-r̥,u̯es u̯esr̥,,,
2195,u̯ē̆su-,u̯ē̆su,,,
2196,u̯et-,u̯et,,,
2197,1. u̯ī̆-,u̯ī̆,,,
2198,"2. u̯ī̆-, u̯oi-",u̯ī̆ u̯oi,,,
2199,u̯idʰu-,u̯idʰu,,,
2200,u̯ī-ḱm̥t-ī,u̯ī u̯īḱm̥t u̯īḱm̥tī,,,
2201,u̯ī̆ks-,u̯ī̆ks,,,
2202,"u̯inǵ-, and u̯eiǵ-, u̯iǵ-?",u̯inǵ u̯eiǵ u̯iǵ u̯iǵ?,,,
2203,u̯ī̆ro-s,u̯ī̆ro u̯ī̆ros,,,
2204,"u̯i̯etʰ-, u̯itʰ-",u̯i̯etʰ u̯itʰ,?*u̯i̯eth₂-{1},u̯i̯eth₂-,
2205,"u̯lek-, u̯l̥k-",u̯lek u̯l̥k,,,
2206,u̯l̥kʷos,u̯l̥kʷos,,,
2207,"u̯l̥p-, lup-",u̯l̥p lup,,,
2208,u̯obʰsā,u̯obʰsā,,,
2209,"u̯ogʷʰni-s, u̯ogʷʰnes-",u̯ogʷʰni u̯ogʷʰnis u̯ogʷʰnes,,,
2210,u̯okso-,u̯okso,,,
2211,u̯ōro-,u̯ōro,,,
2212,u̯ortoko-,u̯ortoko,,,
2213,1. u̯rā̆ǵʰ- : u̯rəǵʰ-,u̯rā̆ǵʰ : u̯rəǵʰ,,,
2214,2. u̯rāǵʰ- : u̯rəǵʰ-,u̯rāǵʰ : u̯rəǵʰ,,,
2215,"u̯reg-, and u̯erg-?",u̯reg u̯erg u̯erg?,*u̯reg-{1},u̯reg-,
2216,"u̯rēǵ-, u̯rōǵ-, u̯rəǵ-",u̯rēǵ u̯rōǵ u̯rəǵ,*u̯reh₁g̑-,u̯reh₁g̑-,
2217,u̯rek-,u̯rek,,,
2218,"u̯reik-, u̯ereik-",u̯reik u̯ereik,,,
2219,u̯ren-,u̯ren,,,
2220,"u̯retʰ- : u̯rotʰ-, or u̯ratʰ-",u̯retʰ : u̯rotʰ or u̯ratʰ,,,
2221,u̯rugʰi̯o-,u̯rugʰi̯o,,,